S/N,Month,Terminal ID,Terminal Serial,Business Name,Payment Value,Payment Volume,Transfer Value,Transfer Volume,"Target PaymentValue",Target Met,"Days Since LastTransaction",Business Registration Date,Terminal Assignment Date,Last Transaction Date
1,May,20336YL7,P260300807490,Optimum Drinks,"40,253,150.00",23,0,0,"20,000.00",TRUE,0,,,
2,May,2070RU7G,P260300852479,"BOVAS & COMPANY LIMITED -BOVAS AND COMPANY AKURE4","8,244,461.00",376,0,0,"20,000.00",TRUE,0,,,
3,May,2057XGSP,P260301651356,"BOVAS & COMPANY LIMITED -BOVAS AND COMPANY AKURE6","8,130,161.00",456,0,0,"20,000.00",TRUE,0,,,
4,May,20331HXW,P260301816264,"BOVAS & COMPANY LIMITED -BOVAS AND COMPANY KUJE","7,771,666.01",222,0,0,"20,000.00",TRUE,0,,,
5,May,2057XGSF,P260301671402,"BOVAS & COMPANY LIMITED -BOVAS AND COMPANYMAJIDUN","7,769,777.00",301,0,0,"20,000.00",TRUE,0,,,
6,May,2057XGUR,P260300360770,"BOVAS & COMPANY LIMITED -BOVAS AND COMPANY AKURE5","6,315,640.00",264,0,0,"20,000.00",TRUE,0,,,
7,May,2070APAX,P260300101964,"BOVAS & COMPANY LIMITED -BOVAS AND COMPANY OJODU","5,779,724.60",216,0,0,"20,000.00",TRUE,0,,,
8,May,20700CSI,P260301804280,Abu AIsh Islamic medicine,"5,653,500.00",86,"5,525,800.00",39,"20,000.00",TRUE,0,,,
9,May,2070I9US,P260301345318,"BOVAS & COMPANY LIMITED -BOVAS AND COMPANY FELELE","5,443,894.40",267,0,0,"20,000.00",TRUE,0,,,
10,May,2070I9HE,P260301086319,"BOVAS & COMPANY LIMITED -BOVAS AND COMPANY OJODU","4,798,168.00",206,0,0,"20,000.00",TRUE,0,,,
11,May,2033OSQF,P260300230730,Voices Telecom 3,"4,067,500.00",37,"3,825,930.00",30,"20,000.00",TRUE,0,,,
12,May,2057QG1B,P260301581188,Peacemax,"3,777,000.00",14,"3,519,500.00",20,"20,000.00",TRUE,0,,,
13,May,2070SG5D,P260301504640,"BOVAS & COMPANY LIMITED -BOVAS AUST ABUJA","3,596,039.00",255,0,0,"20,000.00",TRUE,0,,,
14,May,2070AQVM,P260301167127,"BOVAS & COMPANY LIMITED -BOVAS AND COMPANY TOLLGATE","3,576,092.00",126,0,0,"20,000.00",TRUE,0,,,
15,May,2057XGVG,P260301086121,"BOVAS & COMPANY LIMITED -BOVAS AND COMPANYYEMETU","3,530,492.00",168,0,0,"20,000.00",TRUE,0,,,
16,May,2070RY7C,P260301163604,"BOVAS & COMPANY LIMITED -BOVAS AND COMPANY ISEYIN","3,354,260.00",58,0,0,"20,000.00",TRUE,0,,,
17,May,2033FJAL,P260301172678,BIN UMAR VENTURE,"3,180,700.00",17,"3,894,000.00",35,"20,000.00",TRUE,0,,,
18,May,2057XGTX,P260301336359,"BOVAS & COMPANY LIMITED -BOVAS AND COMPANYIBRAHIM TAIWO","3,094,060.00",101,0,0,"20,000.00",TRUE,0,,,
19,May,2070Y5VK,P260300189622,Damope touch of god,"2,936,600.00",48,0,0,"20,000.00",TRUE,0,,,
20,May,2057UKTT,P260301188106,Cloud 7 Multi services 5,"2,719,850.00",22,0,0,"20,000.00",TRUE,0,,,
21,May,2057TKWM,P260301671404,"BOVAS & COMPANY LIMITED -BOVAS AND COMPANY TOLLGATE","2,692,311.00",111,0,0,"20,000.00",TRUE,0,,,
22,May,2070V9JF,P260301816260,Zartech Bodija Outlet,"2,567,332.00",111,0,0,"20,000.00",TRUE,0,,,
23,May,2033TLJ4,P260300497469,DOA Ventures,"2,543,100.00",14,"4,591,400.00",14,"20,000.00",TRUE,0,,,
24,May,2033X22Z,P260300784157,Solat Telecoms Iwo road,"2,530,000.00",21,0,0,"20,000.00",TRUE,0,,,
25,May,2057XGTG,P260301761111,"BOVAS & COMPANY LIMITED -BOVAS AND COMPANY ERUWA","2,434,980.00",71,0,0,"20,000.00",TRUE,0,,,
26,May,207020QZ,P260301092149,Akrom ventures,"2,296,775.00",38,"2,517,475.00",25,"20,000.00",TRUE,0,,,
27,May,2070M9OQ,P260301328746,BUMAD NIG,"2,199,666.00",239,0,0,"20,000.00",TRUE,0,,,
28,May,2033ZQM5,P260301331296,Ralph Global Services,"2,144,100.00",66,"2,165,600.00",6,"20,000.00",TRUE,0,,,
29,May,20331HTL,P260300700716,"BOVAS & COMPANY LIMITED -BOVAS AND COMPANY KARU","2,143,100.00",13,0,0,"20,000.00",TRUE,0,,,
30,May,2070IZJU,P260301491688,"SUNRISE UNIVERSALINTEGRATED SUPERMARKET -SUNRISE PHARM","2,088,454.50",239,0,0,"20,000.00",TRUE,0,,,
31,May,2070F1XZ,P260300797999,Mutaokaf Venture,"1,853,100.00",76,"1,431,650.00",21,"20,000.00",TRUE,0,,,
32,May,2070XU19,P260300572092,Kab Plus Multi Services,"1,834,623.00",14,"904,000.00",4,"20,000.00",TRUE,0,,,
33,May,2070762L,P260301205941,Marindoti concept,"1,830,850.00",83,"2,455,900.00",11,"20,000.00",TRUE,0,,,
34,May,2070NL1B,P260300983982,De Blend club lounge,"1,814,700.00",17,0,0,"20,000.00",TRUE,0,,,
35,May,2070970Y,P260300453262,His grace global concept,"1,804,900.00",29,"1,679,800.00",24,"20,000.00",TRUE,0,,,
36,May,2057XGTJ,P260300992585,"BOVAS & COMPANY LIMITED -BOVAS AND COMPANYOLOGUNERU","1,791,351.00",72,0,0,"20,000.00",TRUE,0,,,
37,May,2057TTBF,P260300803815,Mummy Ishola Provision Store,"1,658,700.00",29,"941,000.00",2,"20,000.00",TRUE,0,,,
38,May,2070ZA0R,P260300007789,FOODCO NIG JERICHO 3,"1,608,398.54",189,0,0,"20,000.00",TRUE,0,,,
39,May,2070WU0A,P260300992805,FOODCO NIG LEKKI 2,"1,599,657.47",201,0,0,"20,000.00",TRUE,0,,,
40,May,2070247N,P260300413587,Femlink,"1,599,050.00",11,"1,427,200.00",5,"20,000.00",TRUE,0,,,
41,May,207097CX,P260301262665,Oluseyi Ventures,"1,564,300.00",26,"3,540,500.00",11,"20,000.00",TRUE,0,,,
42,May,2057EMIG,P260300318909,"HAYBEE TECHNOLOGY &SERVICES - HAYBEETECHNOLOGY","1,561,200.00",47,"150,000.00",1,"20,000.00",TRUE,0,,,
43,May,2057XGSK,P260301085216,"BOVAS & COMPANY LIMITED -BOVAS AND COMPANY AKURE7","1,552,602.00",114,0,0,"20,000.00",TRUE,0,,,
44,May,2070M9OG,P260300700842,Decent Ken Nig 2,"1,551,200.00",112,"1,548,000.00",1,"20,000.00",TRUE,0,,,
45,May,2070WW13,P260300065480,NY Ventures,"1,550,150.00",34,"3,403,450.00",15,"20,000.00",TRUE,0,,,
46,May,2033FVEK,P260300561706,"BOVAS & COMPANY LIMITED -BOVAS AND COMPANY KONGI2","1,519,561.00",66,0,0,"20,000.00",TRUE,0,,,
47,May,20338BHJ,P260301195378,"SUNRISE UNIVERSALINTEGRATED SUPERMARKET -SUNRISE PHARMACY","1,453,550.00",244,0,0,"20,000.00",TRUE,0,,,
48,May,2070L9FC,P260300700655,Ace Ogbomosho Supermarket,"1,387,585.55",186,0,0,"20,000.00",TRUE,0,,,
49,May,2070D2AI,P260300797831,Solat Telecoms Marina,"1,358,000.00",14,0,0,"20,000.00",TRUE,0,,,
50,May,2070ZB0L,P260300992592,FOODCO NIG BODIJA 5,"1,352,736.39",163,0,0,"20,000.00",TRUE,0,,,
51,May,2057XGUO,P260301745145,"BOVAS & COMPANY LIMITED -BOVAS AND COMPANY  OJOO","1,335,900.00",83,0,0,"20,000.00",TRUE,0,,,
52,May,2070YC0E,P260301560112,FOODCO NIG JERICHO 2,"1,320,991.27",153,0,0,"20,000.00",TRUE,0,,,
53,May,2070352Y,P260300825390,Susscare Enterprises,"1,305,700.00",24,"1,303,200.00",7,"20,000.00",TRUE,0,,,
54,May,2070C4OH,P260300724043,Ace Ile ife Supermarket 2,"1,301,015.00",186,0,0,"20,000.00",TRUE,0,,,
55,May,2070X3ZS,P260300797832,Mudashir 2 Venture,"1,263,900.00",23,"1,162,600.00",29,"20,000.00",TRUE,0,,,
56,May,2033CLHZ,P260301171373,Nulat Authentic Biz Nig Enterprise,"1,222,950.00",23,"1,208,100.00",10,"20,000.00",TRUE,0,,,
57,May,2070YI0W,P260301460411,FOODCO NIG ABEOKUTA 3,"1,220,647.10",161,0,0,"20,000.00",TRUE,0,,,
58,May,2070O3NS,P260300746746,FOODCO NIG IKOYI 1,"1,212,596.16",193,0,0,"20,000.00",TRUE,0,,,
59,May,2057VIKB,P260300806478,Inshallah Store,"1,202,300.00",7,"1,154,500.00",7,"20,000.00",TRUE,0,,,
60,May,2214NHN5,P260301759151,"BOVAS & COMPANY LIMITED -BOVAS AND COMPANY IJEBUODE","1,197,029.00",58,0,0,"20,000.00",TRUE,0,,,
61,May,2070YF0Q,P260300992801,FOODCO NIG LEKKI 5,"1,192,235.00",251,0,0,"20,000.00",TRUE,0,,,
62,May,2057BWJK,P260301347826,LIME LIFE LIMITED,"1,177,200.00",18,0,0,"20,000.00",TRUE,0,,,
63,May,2070AVGU,P260300563467,"BOVAS & COMPANY LIMITED -BOVAS AND COMPANYEGBEDA","1,169,708.00",31,0,0,"20,000.00",TRUE,0,,,
64,May,2057XGTV,P260301085212,"BOVAS & COMPANY LIMITED -BOVAS AND COMPANY EDE","1,159,750.00",30,0,0,"20,000.00",TRUE,0,,,
65,May,2057XGVE,P260301909390,"BOVAS & COMPANY LIMITED -BOVAS AND COMPANY OLOMI","1,156,200.00",36,0,0,"20,000.00",TRUE,0,,,
66,May,2070O3NB,P260300492437,FOODCO NIG RING ROAD 5,"1,142,825.00",372,0,0,"20,000.00",TRUE,0,,,
67,May,2070AZSO,P260301165075,"BOVAS & COMPANY LIMITED -BOVAS AND COMPANYOLUYOLE","1,134,440.00",53,0,0,"20,000.00",TRUE,0,,,
68,May,207019SU,P260300540662,Florin Communication,"1,132,500.00",51,"310,440.00",13,"20,000.00",TRUE,0,,,
69,May,2057XYJD,P260301040113,Iyiola Venture,"1,110,300.00",12,"1,042,910.00",13,"20,000.00",TRUE,0,,,
70,May,2070VO56,P260301219472,"Akanbi lukman olalekan NigeriaEnterprises - Akanbi Telecom 2","1,077,900.00",15,"2,760,900.00",11,"20,000.00",TRUE,0,,,
71,May,2057AWBT,P260300670333,"BOVAS & COMPANY LIMITED -BOVAS AND COMPANY KONGI2","1,061,556.00",38,0,0,"20,000.00",TRUE,0,,,
72,May,2070220V,P260301555079,Voices telecom,"1,059,900.00",27,"1,050,000.00",6,"20,000.00",TRUE,0,,,
73,May,2033TILW,P260301170060,Hamine Super Stores,"1,059,520.00",214,0,0,"20,000.00",TRUE,0,,,
74,May,2070WS0I,P260300992802,FOODCO NIG OLOGUNERU 5,"1,058,521.00",302,0,0,"20,000.00",TRUE,0,,,
75,May,20709K2X,P260300245244,Gods Grace Enterprises,"1,057,400.00",18,"1,089,000.00",11,"20,000.00",TRUE,0,,,
76,May,2070YC0K,P260300973767,FOODCO NIG JERICHO 6,"1,056,482.00",218,0,0,"20,000.00",TRUE,0,,,
77,May,2070WU0D,P260300992803,FOOCO NIG OLOGUNERU 1,"1,044,736.83",143,0,0,"20,000.00",TRUE,0,,,
78,May,20338CRL,P260301169506,Folax Venture,"1,033,800.00",15,"555,400.00",4,"20,000.00",TRUE,0,,,
79,May,2070YA0M,P260300973762,FOODCO NIG AKOBO 1,"1,013,819.20",143,0,0,"20,000.00",TRUE,0,,,
80,May,2070AOYF,P260301216656,"BOVAS & COMPANY LIMITED -BOVAS AUST ABUJA","1,010,390.00",70,0,0,"20,000.00",TRUE,0,,,
81,May,2070L9ES,P260300700658,Ace Ilorin Supermarket,"1,006,145.00",132,0,0,"20,000.00",TRUE,0,,,
82,May,2070INOF,P260301555465,Events By COPA 2,"993,400.00",3,0,0,"20,000.00",TRUE,0,,,
83,May,2033COOS,P260300443517,Alex business center,"992,350.00",95,"520,500.00",36,"20,000.00",TRUE,0,,,
84,May,2057XGTK,P260301044536,"BOVAS & COMPANY LIMITED -BOVAS AND COMPANYOLUYOLE","991,820.00",49,0,0,"20,000.00",TRUE,0,,,
85,May,2070JV4R,P260301189418,FOODCO NIGERIA ADEGBAYI 1,"970,987.00",143,0,0,"20,000.00",TRUE,0,,,
86,May,2070ATHW,P260301351882,Ace Oyo Supermarket 3,"951,685.00",169,0,0,"20,000.00",TRUE,0,,,
87,May,20331UUP,P260300118242,Abdullah Multi ventures,"935,000.00",13,"956,650.00",12,"20,000.00",TRUE,0,,,
88,May,20335LBB,P260300784142,Precious Venture,"934,500.00",40,"973,900.00",10,"20,000.00",TRUE,0,,,
89,May,2057ZDJB,P260301123327,NYSC Oyo staff CICS,"931,200.00",69,"70,500.00",5,"20,000.00",TRUE,0,,,
90,May,2070YS0K,P260300973770,FOODCO NIG ABEOKUTA 5,"927,047.00",230,0,0,"20,000.00",TRUE,0,,,
91,May,2070I9DJ,P260300700710,"BOVAS & COMPANY LIMITED -BOVAS AND COMPANY KONGILPG","909,750.00",103,0,0,"20,000.00",TRUE,0,,,
92,May,2070ZB0U,P260301560113,FOODCO NIG AKALA 2,"909,412.64",108,0,0,"20,000.00",TRUE,0,,,
93,May,2214F516,C42P008D01806230,"BIN USMAN COACH MULTIBUSINESS SERVICES - BinUsman Coach Multi Business","875,300.00",19,"443,100.00",10,"20,000.00",TRUE,0,,,
94,May,2070Y1FD,P260300672320,Suboj oil and gas,"874,940.00",76,0,0,"20,000.00",TRUE,0,,,
95,May,2070ZB0Z,P260300992816,FOODCO NIG AKALA 4,"865,155.10",263,0,0,"20,000.00",TRUE,0,,,
96,May,2070YV0J,P260300973773,FOODCO NIG ARULOGUN 1,"852,292.10",160,0,0,"20,000.00",TRUE,0,,,
97,May,2070DRGS,P260301731689,Optimum Drinks 2,"841,000.00",3,0,0,"20,000.00",TRUE,0,,,
98,May,2070O3NG,P260301172679,FOODCO NIG LTD RING ROAD 1,"838,285.50",144,0,0,"20,000.00",TRUE,0,,,
99,May,2057NJOS,P260300447156,Mighty Glory 2,"835,700.00",114,"129,500.00",11,"20,000.00",TRUE,0,,,
100,May,2070EPYK,P260301467752,"Mosh Golden ProfilePharmaceutical limited","829,580.00",127,0,0,"20,000.00",TRUE,0,,,
101,May,20335ML1,P260301183917,"SUNRISE UNIVERSALINTEGRATED SUPERMARKET -SUNRISE PHARMACY","783,740.00",126,0,0,"20,000.00",TRUE,0,,,
102,May,2070JJZJ,P260301555464,"SUNRISE UNIVERSALINTEGRATED SUPERMARKET -SUNRISE PHARM","764,825.00",76,0,0,"20,000.00",TRUE,0,,,
103,May,20331FYE,P260301040111,Ibadan Chinese Restaurant,"762,360.00",21,0,0,"20,000.00",TRUE,0,,,
104,May,2070O7NO,P260300613067,"Mosh Golden ProfilePharmaceutical limited - MoshPharmacy and Supermarket","759,880.00",98,0,0,"20,000.00",TRUE,0,,,
105,May,20331HJF,P260300684912,Are Ogo Venture,"755,250.00",23,"930,000.00",10,"20,000.00",TRUE,0,,,
106,May,2057EDGO,P260300216395,ANUR Ventures,"751,150.00",57,"2,154,100.00",13,"20,000.00",TRUE,0,,,
107,May,2070N1TD,P260300638519,Babsayin Multiventures 2,"750,750.00",11,0,0,"20,000.00",TRUE,0,,,
108,May,2033LWQ4,P260300784144,Prestige Ventures,"740,650.00",60,"1,386,050.00",7,"20,000.00",TRUE,0,,,
109,May,2070XZ0K,P260300992588,FOODCO NIG ABEOKUTA 1,"738,101.03",74,0,0,"20,000.00",TRUE,0,,,
110,May,2033TYNJ,P260301262677,Hamine Superstore 2,"735,370.00",152,0,0,"20,000.00",TRUE,0,,,
111,May,2070YW0U,P260300992806,FOODCO NIG LEKKI 3,"729,570.46",84,0,0,"20,000.00",TRUE,0,,,
112,May,2070IL4R,P260301189419,FOODCO NIG ADEGBAYI 5,"718,935.00",176,0,0,"20,000.00",TRUE,0,,,
113,May,2070S5YD,P260300201422,Improvement Trading company,"712,400.00",20,"399,000.00",5,"20,000.00",TRUE,0,,,
114,May,2070E1MU,P260301651848,Mum Rashidat Store,"711,200.00",38,"830,400.00",8,"20,000.00",TRUE,0,,,
115,May,2057UHLG,P260301626711,"BOVAS & COMPANY LIMITED -BOVAS AND COMPANY OYO 4","708,100.00",38,0,0,"20,000.00",TRUE,0,,,
116,May,2070KP7D,P260300825392,Bisatex Global venture,"699,850.00",10,"407,750.00",2,"20,000.00",TRUE,0,,,
117,May,22143SRV,C42P008D01944244,Nikk M p 2,"697,600.00",51,"866,800.00",31,"20,000.00",TRUE,0,,,
118,May,2033OVV5,P260300523167,Mr Wisdom,"696,050.00",197,"35,100.00",8,"20,000.00",TRUE,0,,,
119,May,2057XGTC,P260301086242,"BOVAS & COMPANY LIMITED -BOVAS AND COMPANYSOKOTO","692,400.00",2,0,0,"20,000.00",TRUE,0,,,
120,May,2070O3ND,P260301816261,FOODCO NIG RINGROAD 6,"671,345.00",227,0,0,"20,000.00",TRUE,0,,,
121,May,2070076E,P260300254660,"SUNRISE UNIVERSALINTEGRATED SUPERMARKET -Sunrise Supermarket Bodija","670,825.00",116,0,0,"20,000.00",TRUE,0,,,
122,May,2033IXF6,P260300453243,Kinematics Technologies,"668,550.00",35,"445,400.00",14,"20,000.00",TRUE,0,,,
123,May,2033TIK6,P260301040860,Hasolas venture,"667,800.00",38,"746,550.00",26,"20,000.00",TRUE,0,,,
124,May,2070ELLH,P260301467753,"Mosh Golden ProfilePharmaceutical limited - Moshpharm n supermarket","666,530.00",111,0,0,"20,000.00",TRUE,0,,,
125,May,2070XZ0P,P260300974658,FOODCO NIG BODIJA 2,"664,612.55",178,0,0,"20,000.00",TRUE,0,,,
126,May,2033CUTI,P260301581187,Ayo-Ade,"658,650.00",44,"450,400.00",23,"20,000.00",TRUE,0,,,
127,May,2057MUIL,P260301204047,Gods Will Ventures,"657,550.00",21,"408,300.00",5,"20,000.00",TRUE,0,,,
128,May,2057IWJK,P260301538672,"BOVAS & COMPANY LIMITED -Bovas And Company Ajibode","644,411.00",15,0,0,"20,000.00",TRUE,0,,,
129,May,2033GBFN,P260300339491,Ejima Ventures,"642,400.00",9,"567,000.00",8,"20,000.00",TRUE,0,,,
130,May,2033OSNC,P260301487639,"99-CITIES ENTERPRISES -Money world 10","635,500.00",66,"273,100.00",13,"20,000.00",TRUE,0,,,
131,May,2214T1H2,P260301759153,"BOVAS & COMPANY LIMITED -BOVAS AND COMPANY IJEBUODE","630,890.00",38,0,0,"20,000.00",TRUE,0,,,
132,May,2033QOIY,P260300580334,Alice Store,"627,570.00",77,"501,000.00",14,"20,000.00",TRUE,0,,,
133,May,2070WT0W,P260300992800,FOODCO NIG OLOGUNERU 2,"627,125.55",80,0,0,"20,000.00",TRUE,0,,,
134,May,20335EHV,P260301043762,Bayleaf Lounge Akobo,"621,716.50",19,0,0,"20,000.00",TRUE,0,,,
135,May,2057AAEH,P260300234143,Voices Telecom 2,"617,600.00",16,"4,643,950.00",7,"20,000.00",TRUE,0,,,
136,May,2070I9UC,P260301347010,"BOVAS & COMPANY LIMITED -BOVAS AND COMPANYORITAMEFA LPG","610,235.00",81,0,0,"20,000.00",TRUE,0,,,
137,May,2070K2RI,P260300792745,RUKKYEXPLICIT,"601,600.00",5,0,0,"20,000.00",TRUE,0,,,
138,May,2070YV0E,P260301560114,FOODCO NIG ARULOGUN 2,"597,990.70",138,0,0,"20,000.00",TRUE,0,,,
139,May,2057DZNF,P260300352669,Multrix Multi Services Limited,"597,600.00",35,"632,750.00",15,"20,000.00",TRUE,0,,,
140,May,2070XZ50,P260301216655,AOT CONSULTANT 3,"595,200.00",6,"594,635.00",3,"20,000.00",TRUE,0,,,
141,May,2033NVQ2,P260301039331,Markosh Technologies,"594,250.00",9,0,0,"20,000.00",TRUE,0,,,
142,May,2070659B,P260300433835,Allateef,"579,000.00",46,"478,100.00",23,"20,000.00",TRUE,0,,,
143,May,2033CLAW,P260301651846,A4 Nigeria Enterprises 2,"574,520.00",29,"578,100.00",8,"20,000.00",TRUE,0,,,
144,May,2070I9WA,P260300700703,"BOVAS & COMPANY LIMITED -BOVAS AND COMPANY DUGBELPG","573,579.00",47,0,0,"20,000.00",TRUE,0,,,
145,May,2033QOJR,P260300238009,"Akanbi lukman olalekan NigeriaEnterprises - Akanbi lukmanolalekan Nigeria","572,900.00",20,"2,183,600.00",12,"20,000.00",TRUE,0,,,
146,May,2057YPDA,P260301165945,Dang Lifestyle ltd,"567,543.22",20,0,0,"20,000.00",TRUE,0,,,
147,May,2070N123,P260301347828,Ali Time Venture,"560,600.00",36,"686,000.00",20,"20,000.00",TRUE,0,,,
148,May,2070RM7D,P260300992804,AY Maizabura 2,"558,100.00",21,"556,100.00",24,"20,000.00",TRUE,0,,,
149,May,2070J3PW,P260301216640,"Tamberma Restaurant IyagankuGRA","555,226.73",21,0,0,"20,000.00",TRUE,0,,,
150,May,207011CJ,P260300022855,OMA Global concept & services,"548,700.00",47,"445,100.00",13,"20,000.00",TRUE,0,,,
151,May,2070YI0Y,P260300992810,FOODCO NIG AKOBO 4,"542,600.00",150,0,0,"20,000.00",TRUE,0,,,
152,May,2057XDDH,P260301091807,SheAdvance Solutions,"535,300.00",27,0,0,"20,000.00",TRUE,0,,,
153,May,2070906J,P260300351755,"JoyYieldSeed Telecom -JoyYieldSeed Telecom","527,100.00",38,"767,600.00",15,"20,000.00",TRUE,0,,,
154,May,2057VHGY,P260300806320,SkOloye Enterprises,"526,530.00",76,"966,620.00",27,"20,000.00",TRUE,0,,,
155,May,20701VHG,P260301164479,"Mosh Golden ProfilePharmaceutical limited - Moshiletuntun 2","518,830.00",62,0,0,"20,000.00",TRUE,0,,,
156,May,2057IIPX,P260301219086,Cascade Lounge Iseyin,"517,800.00",37,0,0,"20,000.00",TRUE,0,,,
157,May,207001IF,P260301345854,ISP Multiconcepts,"509,800.00",176,0,0,"20,000.00",TRUE,0,,,
158,May,2070XH4V,P260301205943,"Mosh Golden ProfilePharmaceutical limited - MoshPharmacy and Supermarket","507,450.00",110,0,0,"20,000.00",TRUE,0,,,
159,May,2057XGTH,P260301086240,"BOVAS & COMPANY LIMITED -BOVAS AND COMPANYIJESATEDO","506,489.00",15,0,0,"20,000.00",TRUE,0,,,
160,May,2070C199,P260300127234,Kenny venture,"504,425.75",36,"870,135.00",23,"20,000.00",TRUE,0,,,
161,May,2070YI0T,P260300973771,FOODCO NIG ABEOKUTA 4,"497,065.00",51,0,0,"20,000.00",TRUE,0,,,
162,May,2057UFHX,P260300125824,"BOVAS & COMPANY LIMITED -BOVAS AND COMPANYOSOGBO 3","492,979.00",8,0,0,"20,000.00",TRUE,0,,,
163,May,2070ZA0F,P260300973779,FOODCO NIG IDI ABA 2,"485,763.00",126,0,0,"20,000.00",TRUE,0,,,
164,May,20575BGE,P260300445156,"Chefkabs Xpress - ChefkabsXpress","483,550.00",77,0,0,"20,000.00",TRUE,0,,,
165,May,20338GUA,P260301165054,IBironke Trading,"482,700.00",22,"528,000.00",6,"20,000.00",TRUE,0,,,
166,May,2070YZ5T,P260301122803,Modupeoluwa,"481,350.00",64,"201,000.00",9,"20,000.00",TRUE,0,,,
167,May,2070BNEC,P260301652778,Mr Wisdom 2,"476,800.00",85,"140,500.00",9,"20,000.00",TRUE,0,,,
168,May,2070ZC0F,P260301345852,FOODCO NIG AKALA 1,"461,921.20",88,0,0,"20,000.00",TRUE,0,,,
169,May,2057USNV,P260301575666,Ogb limited,"455,751.00",71,0,0,"20,000.00",TRUE,0,,,
170,May,207070WJ,P260300458171,Finrel Olorunsogo,"445,160.00",68,0,0,"20,000.00",TRUE,0,,,
171,May,2070ANRN,P260301222507,"BOVAS & COMPANY LIMITED -BOVAS AND COMPANY OWO","441,670.00",15,0,0,"20,000.00",TRUE,0,,,
172,May,2070YW0P,P260301821544,FOODCO NIG MONATAN 4,"439,965.00",126,0,0,"20,000.00",TRUE,0,,,
173,May,20707XKS,P260300792747,EdenPlus Pharmacy,"438,605.00",54,0,0,"20,000.00",TRUE,0,,,
174,May,2070ASOI,P260301222509,"BOVAS & COMPANY LIMITED -BOVAS AND COMPANY AKOBO2","435,360.60",14,0,0,"20,000.00",TRUE,0,,,
175,May,2070L1XE,P260301492427,"Upviews Pharmacy and StoreOlorunda","434,620.00",118,0,0,"20,000.00",TRUE,0,,,
176,May,20335SW3,P260300600975,Maracana,"433,710.00",41,0,0,"20,000.00",TRUE,0,,,
177,May,2070O3NL,P260300746745,FOOCO NIG IKOYI 5,"416,270.00",129,0,0,"20,000.00",TRUE,0,,,
178,May,2070YC0O,P260300992811,FOODCO NIG AKALA 3,"415,044.00",86,0,0,"20,000.00",TRUE,0,,,
179,May,2070891E,P260301555076,Simbat Ventures,"411,600.00",29,"211,300.00",9,"20,000.00",TRUE,0,,,
180,May,2070CAKJ,P260301652777,Ajibola Telecom 4,"410,850.00",57,"30,100.00",4,"20,000.00",TRUE,0,,,
181,May,2057XDMO,P260301091805,Hotel De Phil,"409,820.00",2,0,0,"20,000.00",TRUE,0,,,
182,May,2033BCEP,P260300023071,Hawaw Ajadi,"405,500.00",33,"145,100.00",8,"20,000.00",TRUE,0,,,
183,May,2057TZNF,P260300738962,"BOVAS & COMPANY LIMITED -BOVAS AND COMPANYOLAREM LPG","400,530.00",10,0,0,"20,000.00",TRUE,0,,,
184,May,2057AUCS,P260301270627,LIME LIFE 2,"398,200.00",8,0,0,"20,000.00",TRUE,0,,,
185,May,207089DL,P260300351846,A. Akorede Ventures,"396,490.00",47,"580,800.00",38,"20,000.00",TRUE,0,,,
186,May,2033BBTK,P260301169505,AOT CONSULTANT 2,"395,450.00",33,"392,715.25",7,"20,000.00",TRUE,0,,,
187,May,2033PASF,P260301188105,Glorious Business Consult,"379,750.00",51,"533,490.00",16,"20,000.00",TRUE,0,,,
188,May,2070795X,P260300305708,"99-CITIES ENTERPRISES -Money World Ventures 7","378,750.00",60,"79,500.00",11,"20,000.00",TRUE,0,,,
189,May,2057ULOM,P260300805123,"BOVAS & COMPANY LIMITED -BOVAS AND COMPANY ALIWO","364,115.00",16,0,0,"20,000.00",TRUE,0,,,
190,May,2070XR28,P260301164476,Lesekese Concept,"363,800.00",20,0,0,"20,000.00",TRUE,0,,,
191,May,2070SA7F,P260301180751,"BOVAS & COMPANY LIMITED -BOVAS AND COMPANYOSOGBO 5","363,100.00",7,0,0,"20,000.00",TRUE,0,,,
192,May,2070MJT5,P260300432933,Olaoluwa Fish company 3,"362,400.00",13,"311,750.00",7,"20,000.00",TRUE,0,,,
193,May,2070GU7U,P260300983985,Tony Best Venture,"357,800.00",5,"26,800.00",2,"20,000.00",TRUE,0,,,
194,May,2033LJF5,P260300798110,J Mond ventures,"354,900.00",35,"305,250.00",7,"20,000.00",TRUE,0,,,
195,May,2057MRSO,P260301582020,Oriowo Ventures,"346,650.00",42,"844,000.00",13,"20,000.00",TRUE,0,,,
196,May,207093AR,P260301328749,"99-CITIES ENTERPRISES -Money World Ventures 4","345,650.00",28,"47,650.00",5,"20,000.00",TRUE,0,,,
197,May,2070EXA5,P260300975335,Ridwanulahi Investment Nigeria ltd,"339,850.00",27,0,0,"20,000.00",TRUE,0,,,
198,May,2070O5SA,P260300443515,EVENTS BY COPA,"338,500.00",6,0,0,"20,000.00",TRUE,0,,,
199,May,2070YA0C,P260300992591,FOODCO NIG BODIJA 6,"337,386.40",71,0,0,"20,000.00",TRUE,0,,,
200,May,22143TX8,P260301815572,"HABEEB ABDULRAZAQOLAMIDE","333,500.00",21,"252,000.00",5,"20,000.00",TRUE,0,,,
201,May,2070759R,P260300524694,Omituntun,"329,500.00",20,"328,400.00",8,"20,000.00",TRUE,0,,,
202,May,2070IY3J,P260301291818,Foodco Nig Toll gate,"328,055.00",81,0,0,"20,000.00",TRUE,0,,,
203,May,207076LU,P260301195376,Akrom Ventures 2,"324,350.00",19,"433,500.00",8,"20,000.00",TRUE,0,,,
204,May,2070SAT9,P260301582029,Prosperity Telecom,"322,850.00",62,"295,850.00",8,"20,000.00",TRUE,0,,,
205,May,2070YC0A,P260300973760,FOODCO NIG ITA OSHIN 1,"321,635.00",78,0,0,"20,000.00",TRUE,0,,,
206,May,2070GKV1,P260300693709,Dammy Ventures,"320,600.00",24,"954,400.00",12,"20,000.00",TRUE,0,,,
207,May,2033QOFV,P260300564183,Gracious concept,"319,700.00",22,"410,880.00",9,"20,000.00",TRUE,0,,,
208,May,2070Y1TN,P260300652260,Balance Diet 1,"319,252.00",52,0,0,"20,000.00",TRUE,0,,,
209,May,2033FPVX,P260300122429,Ayotofunmi Enterprise,"317,700.00",21,"364,570.00",15,"20,000.00",TRUE,0,,,
210,May,2070ERT9,P260301816262,Hamine Restaurant,"317,310.00",134,0,0,"20,000.00",TRUE,0,,,
211,May,20331IPY,P260300684911,Sebakam Topmost Prints,"316,250.00",27,0,0,"20,000.00",TRUE,0,,,
212,May,2070NO5L,P260301172677,Abidex Ts Venture 3,"314,600.00",33,"24,250.00",3,"20,000.00",TRUE,0,,,
213,May,2033CLTK,P260300114851,Famous K,"313,900.00",23,"340,100.00",9,"20,000.00",TRUE,0,,,
214,May,20334WUL,P260300812085,"MIGHTY GLORY ETERNALCONCEPT - Mighty Glory 3","311,400.00",52,"115,300.00",6,"20,000.00",TRUE,0,,,
215,May,207037VF,P260300167991,Omo-Oluwa Ventures,"311,000.00",24,"250,000.00",2,"20,000.00",TRUE,0,,,
216,May,2070945H,P260300135619,Oma Global concepts & services 4,"310,150.00",61,"109,700.00",16,"20,000.00",TRUE,0,,,
217,May,207091EL,P260301494167,As-Salaam Ventures 2,"303,200.00",34,"28,000.00",4,"20,000.00",TRUE,0,,,
218,May,2070K738,P260301040864,Peace Ventures,"295,450.00",23,"311,050.00",12,"20,000.00",TRUE,0,,,
219,May,2070000M,P260300746182,WhitGod Enterprise 2,"295,200.00",51,"193,000.00",3,"20,000.00",TRUE,0,,,
220,May,2057YUOF,P260301173119,"Lords Doing communicationnetwork 2","293,619.74",29,"35,000.00",2,"20,000.00",TRUE,0,,,
221,May,2070EPTJ,P260301472300,Dang Lifestyle Surulere,"292,555.15",7,0,0,"20,000.00",TRUE,0,,,
222,May,2070C4OK,P260301460014,Cascade Lounge Bodija,"291,200.00",15,0,0,"20,000.00",TRUE,0,,,
223,May,20336BU5,P260300452127,"D REAL BARRYWHITE GLOBALCONCEPT - BarryWhite Ventures","288,700.00",48,"18,400.00",5,"20,000.00",TRUE,0,,,
224,May,2057XGSR,P260301086252,"BOVAS & COMPANY LIMITED -BOVAS AND COMPANY IFE 3","288,500.00",12,0,0,"20,000.00",TRUE,0,,,
225,May,2070HNWQ,P260301645862,"BOVAS & COMPANY LIMITED -BOVAS AND COMPANYIJOKODO","288,180.00",9,0,0,"20,000.00",TRUE,0,,,
226,May,2057NKHK,P260301262667,THIAGO VENTURES,"286,100.00",44,"231,700.00",8,"20,000.00",TRUE,0,,,
227,May,2057FQWB,C42P008D01944243,"MIGHTY GLORY ETERNALCONCEPT - Mighty Glory 5","285,100.00",30,"2,385,015.00",13,"20,000.00",TRUE,0,,,
228,May,2057MUSH,P260300838717,AGh intl serviced apartments,"285,000.00",6,0,0,"20,000.00",TRUE,0,,,
229,May,2070V3PN,P260300856946,Ajibola Telecom 2,"282,750.00",43,"387,300.00",12,"20,000.00",TRUE,0,,,
230,May,2070K0GF,P260300672324,FinrelNigeria Olorunsogo 3,"281,850.00",23,0,0,"20,000.00",TRUE,0,,,
231,May,2057NLLY,P260300377171,Zamani Enterprise,"280,650.00",38,"30,900.00",4,"20,000.00",TRUE,0,,,
232,May,2033GSM8,P260301170062,Adex communication,"279,400.00",25,"121,400.00",3,"20,000.00",TRUE,0,,,
233,May,2070ERFY,P260301485663,FOODCO NIG GBAGI 2,"277,885.00",84,0,0,"20,000.00",TRUE,0,,,
234,May,2070Y2EL,P260300616896,Shokem Supermart 2,"273,650.00",50,0,0,"20,000.00",TRUE,0,,,
235,May,2070I0ZU,P260300670771,Dammy Square Ent,"271,550.00",11,0,0,"20,000.00",TRUE,0,,,
236,May,2070W0QF,P260300249264,"Mosh Golden ProfilePharmaceutical limited - Moshpharmacy and supermarket","269,788.00",67,0,0,"20,000.00",TRUE,0,,,
237,May,2033QOPE,P260300856535,Rock of Ages,"269,550.00",28,"295,950.00",12,"20,000.00",TRUE,0,,,
238,May,2057YPDG,P260301165948,Dang Lifestyle 3,"266,256.50",5,0,0,"20,000.00",TRUE,0,,,
239,May,2033QBN6,P260301195526,Ola-Tem business Ventures,"265,900.00",24,"241,100.00",7,"20,000.00",TRUE,0,,,
240,May,207014GX,P260301043764,A1 Global Ventures,"265,550.00",33,"264,358.00",6,"20,000.00",TRUE,0,,,
241,May,2033JGLB,P260300812086,"99-CITIES ENTERPRISES -Money World Ventures 9","262,100.00",39,"22,500.00",8,"20,000.00",TRUE,0,,,
242,May,2033PBY4,P260301336308,More Blessing Ventures,"260,650.00",40,"92,300.00",10,"20,000.00",TRUE,0,,,
243,May,2057DZOP,P260301581186,Olola pos services,"259,000.00",56,"416,600.00",9,"20,000.00",TRUE,0,,,
244,May,2070AEFX,P260301216648,"BOVAS & COMPANY LIMITED -BOVAS AND COMPANY DUGBE","258,460.00",7,0,0,"20,000.00",TRUE,0,,,
245,May,207005CQ,P260301173239,Olly T Business Ventures,"256,950.00",22,"914,000.00",1,"20,000.00",TRUE,0,,,
246,May,207061KM,P260301043761,"MIGHTY GLORY ETERNALCONCEPT - Mighty Glory 1","256,700.00",20,"15,400.00",6,"20,000.00",TRUE,0,,,
247,May,2070958Z,P260300254659,"Al Habeeb communicationVenture 3","253,600.00",11,0,0,"20,000.00",TRUE,0,,,
248,May,2033KGU8,P260300230727,Sammie Tee Investment 2,"249,500.00",47,"14,000.00",3,"20,000.00",TRUE,0,,,
249,May,207013WR,P260300198167,Real Global Ventures 2,"247,300.00",26,"1,606,800.00",15,"20,000.00",TRUE,0,,,
250,May,2070LV3Z,P260301582027,"AMAZING GRACE INTEGRATEDGOODS LIMITED - AmazingGrace Stores 2","247,040.00",72,0,0,"20,000.00",TRUE,0,,,
251,May,2033QBP5,P260301478003,"99-CITIES ENTERPRISES -Money World Ventures 2","244,800.00",32,"11,100.00",2,"20,000.00",TRUE,0,,,
252,May,2070YB0U,P260300992594,FOOCO NIG BODIJA 1,"244,222.00",77,0,0,"20,000.00",TRUE,0,,,
253,May,20700JGU,P260300851940,Akinz,"243,100.00",8,"584,000.00",5,"20,000.00",TRUE,0,,,
254,May,2057XGVD,P260301748844,"BOVAS & COMPANY LIMITED -BOVAS AND COMPANYOMUARAN","242,420.00",12,0,0,"20,000.00",TRUE,0,,,
255,May,2033FTEA,P260301653022,Igbaotun Ventures,"236,800.00",45,"198,600.00",16,"20,000.00",TRUE,0,,,
256,May,2070N121,P260301652775,Ali Ventures 2,"234,900.00",8,"530,000.00",2,"20,000.00",TRUE,0,,,
257,May,2057EDUY,P260300617043,Cash and Smile 2,"233,300.00",15,"710,107.00",16,"20,000.00",TRUE,0,,,
258,May,207022AI,P260300363934,Cash and smile 3,"229,250.00",29,"228,172.00",4,"20,000.00",TRUE,0,,,
259,May,20338JXJ,P260301188118,"Optimum Drinks - OPTIMUMDRINKS 3","227,375.00",5,0,0,"20,000.00",TRUE,0,,,
260,May,20338BR2,P260300546423,Dash Glorious,"220,000.00",2,0,0,"20,000.00",TRUE,0,,,
261,May,20705PVZ,P260301485662,FOODCO NIG GBAGI 1,"215,355.00",74,0,0,"20,000.00",TRUE,0,,,
262,May,2033GTC1,P260300322503,Maxwell Multipurpose Ventures,"213,950.00",16,"12,050.00",4,"20,000.00",TRUE,0,,,
263,May,2057WXRA,P260301328709,"BOVAS & COMPANY LIMITED -BOVAS AND COMPANYOSOGBO 6","212,600.00",7,0,0,"20,000.00",TRUE,0,,,
264,May,2033CIIS,P260301204045,AOT CONSULTANT,"212,300.00",18,"211,363.50",9,"20,000.00",TRUE,0,,,
265,May,20338ESR,P260301347140,Oye Venture 2,"211,850.00",22,"64,000.00",4,"20,000.00",TRUE,0,,,
266,May,20337NH8,P260300175903,PerfectENaira 2,"209,750.00",41,"267,000.00",9,"20,000.00",TRUE,0,,,
267,May,2033XXM3,P260301164210,Victory venture 3,"207,750.00",29,"96,000.00",6,"20,000.00",TRUE,0,,,
268,May,2070U2DQ,P260300803817,Lesekese Concept 2,"207,500.00",14,"7,500.00",2,"20,000.00",TRUE,0,,,
269,May,2214RVU2,C41P008D01502307,Tawakalitu Dynamic Concept,"205,550.00",21,"178,700.00",12,"20,000.00",TRUE,0,,,
270,May,2057XGVO,P260301645864,"BOVAS & COMPANY LIMITED -BOVAS AND COMPANY IFE 5","204,900.00",12,0,0,"20,000.00",TRUE,0,,,
271,May,2070Z0IL,P260301347013,Aliami medicine store,"203,400.00",24,"198,955.00",8,"20,000.00",TRUE,0,,,
272,May,2033QOIS,P260300352666,Ay Maizabura communication,"202,150.00",38,"287,900.00",9,"20,000.00",TRUE,0,,,
273,May,2033ZCRO,P260300453263,"Al Habeeb communication venture6","201,000.00",19,"8,900.00",1,"20,000.00",TRUE,0,,,
274,May,2070ZM2S,P260300975337,Upview Supermarket Olohunda,"198,105.00",62,0,0,"20,000.00",TRUE,0,,,
275,May,2070695I,P260300443503,Ogo Oluwa,"197,500.00",12,"110,750.00",7,"20,000.00",TRUE,0,,,
276,May,2033FUJX,P260300556337,Baba 90 Smart withdrawal,"197,500.00",24,"81,300.00",10,"20,000.00",TRUE,0,,,
277,May,2033ZPB8,P260300309814,T.boy3,"197,300.00",37,"85,480.00",2,"20,000.00",TRUE,0,,,
278,May,2057HJNB,P260301352255,Holuremmy Ventures,"196,000.00",29,"208,000.00",12,"20,000.00",TRUE,0,,,
279,May,2033TETV,P260300367972,GREOL LOUNGE,"193,300.00",27,0,0,"20,000.00",TRUE,0,,,
280,May,2033KKQ8,P260300620577,Embedded Business world,"191,800.00",41,"240,800.00",6,"20,000.00",TRUE,0,,,
281,May,2070SKK8,P260300502745,Palm Ventures,"189,650.00",36,"84,350.00",5,"20,000.00",TRUE,0,,,
282,May,2070JC7T,P260300825393,Prosperity,"189,150.00",30,"3,000.00",1,"20,000.00",TRUE,0,,,
283,May,2070EYTW,P260301472302,Dang Lifestyle Agungi,"186,985.50",7,0,0,"20,000.00",TRUE,0,,,
284,May,2033BDKC,P260300127218,Joy and Favour Venture,"182,200.00",18,"38,500.00",2,"20,000.00",TRUE,0,,,
285,May,2070BMME,P260301685189,Ayomiposi venture 3,"180,000.00",23,"340,600.00",8,"20,000.00",TRUE,0,,,
286,May,2033FOQO,P260301173237,Onaopemipo store,"179,800.00",11,"173,560.00",3,"20,000.00",TRUE,0,,,
287,May,2070R8ZG,P260300699878,Priceworth Superstore,"179,590.00",41,0,0,"20,000.00",TRUE,0,,,
288,May,2070V96Y,P260300499617,Alayo iyalaje bar palour,"178,600.00",4,"250,000.00",2,"20,000.00",TRUE,0,,,
289,May,2057UHLH,P260301909391,"BOVAS & COMPANY LIMITED -BOVAS AND COMPANY OFFAGARAGE","177,009.00",9,0,0,"20,000.00",TRUE,0,,,
290,May,2057WWTE,P260300610061,"BOVAS & COMPANY LIMITED -BOVAS AND COMPANY IKIRE 1","177,000.00",1,0,0,"20,000.00",TRUE,0,,,
291,May,20705QMB,P260300355761,Shammah Ventures,"172,650.00",32,"7,000.00",3,"20,000.00",TRUE,0,,,
292,May,2057YXJQ,P260301165947,Glory Cash Points,"171,900.00",21,"46,000.00",3,"20,000.00",TRUE,0,,,
293,May,2070RY7A,P260301648371,"BOVAS & COMPANY LIMITED -BOVAS AND COMPANY IJAGBO","171,700.00",10,0,0,"20,000.00",TRUE,0,,,
294,May,2070O7NH,P260300613066,"Mosh Golden ProfilePharmaceutical limited - MoshPharmacy and Supermarket","170,960.00",47,0,0,"20,000.00",TRUE,0,,,
295,May,20701WNY,P260300432677,As Sallam Venture,"170,850.00",24,"150,861.25",6,"20,000.00",TRUE,0,,,
296,May,2070UK1D,P260300973616,Adeife Venture,"169,400.00",39,"75,700.00",12,"20,000.00",TRUE,0,,,
297,May,2070WI01,P260300443516,Zoe Enterprise,"169,250.00",7,"166,500.00",4,"20,000.00",TRUE,0,,,
298,May,2070K0FL,P260300674098,"Omak healthcare services - LabMaster Diagnostics Eleyele 4","169,000.00",19,0,0,"20,000.00",TRUE,0,,,
299,May,2070AFVS,P260301198760,"99-CITIES ENTERPRISES -Money World Ventures 6","168,700.00",40,0,0,"20,000.00",TRUE,0,,,
300,May,2033G5TY,C41P008D01502304,AB ONIMIZ WELLNESS CENTER,"168,200.00",1,"29,300.00",3,"20,000.00",TRUE,0,,,
301,May,2057XYEX,P260301040112,Best Buy Grocery,"168,065.00",21,0,0,"20,000.00",TRUE,0,,,
302,May,2033ZCQS,P260301091806,"Al Habeeb communication venture5","167,400.00",28,0,0,"20,000.00",TRUE,0,,,
303,May,2033JJAD,P260301198626,"Al Habeeb communicationVenture 4","167,200.00",28,"1,000.00",1,"20,000.00",TRUE,0,,,
304,May,2057JADG,P260301219083,Yah Salam Enterprises Oyo,"162,300.00",19,"459,800.00",8,"20,000.00",TRUE,0,,,
305,May,2057XGVR,P260301086126,"BOVAS & COMPANY LIMITED -BOVAS AND COMPANY ASABA","161,700.00",8,0,0,"20,000.00",TRUE,0,,,
306,May,2070UT9G,P260301170061,"Petes Bar and Lounge - Petes Bar2","161,500.00",33,0,0,"20,000.00",TRUE,0,,,
307,May,2033TPYP,P260300201429,BarbraRoyals beauty,"160,500.00",15,"146,400.00",6,"20,000.00",TRUE,0,,,
308,May,2057TZMX,P260300735763,"BOVAS & COMPANY LIMITED -BOVAS AND COMPANY KONGI","160,500.00",5,0,0,"20,000.00",TRUE,0,,,
309,May,2070EDPQ,P260301700229,"BOVAS & COMPANY LIMITED -BOVAS AND COMPANY AKOBO1","159,900.00",6,0,0,"20,000.00",TRUE,0,,,
310,May,207039LX,P260301479832,Honey Ventures,"159,800.00",7,"150,500.00",3,"20,000.00",TRUE,0,,,
311,May,2070XH92,P260301555075,"99-CITIES ENTERPRISES -Money World Ventures","158,100.00",33,"11,600.00",5,"20,000.00",TRUE,0,,,
312,May,2070ZA0Z,P260300973763,FOODCO NIG JERICHO 4,"157,175.00",11,0,0,"20,000.00",TRUE,0,,,
313,May,20709IIS,P260300245249,Kikelomo Ventures,"154,300.00",26,"153,429.00",5,"20,000.00",TRUE,0,,,
314,May,2070WT1S,P260301045729,Olas Venture,"153,550.00",24,"189,550.00",10,"20,000.00",TRUE,0,,,
315,May,2057YUHB,P260301170354,Sunshine Ventures,"153,200.00",28,"41,500.00",2,"20,000.00",TRUE,0,,,
316,May,2033GZB5,17298533,A BEST COM VENTURE,"151,700.00",21,0,0,"20,000.00",TRUE,0,,,
317,May,207004WR,P260300198177,Adeoba Ventures,"147,100.00",12,"214,323.00",6,"20,000.00",TRUE,0,,,
318,May,20709DQM,P260300315012,Otis lounge,"147,000.00",3,0,0,"20,000.00",TRUE,0,,,
319,May,2033QOOA,P260300093715,Am12 stores - Am12 stores,"146,900.00",15,"152,900.00",8,"20,000.00",TRUE,0,,,
320,May,2070GMV4,P260300577481,Igwe POS,"146,050.00",15,"646,380.00",17,"20,000.00",TRUE,0,,,
321,May,2033INMM,P260300458174,Finrel olorunsogo 2,"142,400.00",10,"270,000.00",2,"20,000.00",TRUE,0,,,
322,May,2070VB1P,P260300973615,Okate Dan Mandara,"140,000.00",2,"140,000.00",2,"20,000.00",TRUE,0,,,
323,May,207069TG,P260300497468,Al-Qaadi Ventures,"140,000.00",1,"140,000.00",2,"20,000.00",TRUE,0,,,
324,May,2070773C,P260301292305,Triple A Venture,"140,000.00",15,"119,000.00",5,"20,000.00",TRUE,0,,,
325,May,2033GEFU,P260301045693,Abu aish Islamic Venture 2,"139,800.00",16,"359,400.00",20,"20,000.00",TRUE,0,,,
326,May,2033JGLV,P260301134393,HORMOH CONCEPT 2,"139,650.00",31,"76,000.00",4,"20,000.00",TRUE,0,,,
327,May,2070X5EC,P260300054762,GENA,"136,900.00",15,0,0,"20,000.00",TRUE,0,,,
328,May,2070RV7L,P260300852472,"BOVAS & COMPANY LIMITED -BOVAS AND COMPANYOKITIPUPA","136,000.00",8,0,0,"20,000.00",TRUE,0,,,
329,May,2057ZARF,P260301165946,Dang Lifestyle Ikeja,"135,879.50",2,0,0,"20,000.00",TRUE,0,,,
330,May,207002CY,P260300316713,An_Nur Venture,"134,800.00",11,"303,000.00",4,"20,000.00",TRUE,0,,,
331,May,2033THY5,P260300114846,Ayomikun & Co enterprises,"134,350.00",31,"124,550.00",14,"20,000.00",TRUE,0,,,
332,May,2070RU7S,P260301616631,"BOVAS & COMPANY LIMITED -BOVAS AND COMPANY ODOTA","133,900.00",2,0,0,"20,000.00",TRUE,0,,,
333,May,2033PCKK,P260300674094,AOT Consultant 6,"133,700.00",20,"760,770.45",7,"20,000.00",TRUE,0,,,
334,May,20700GXP,P260300445807,"Folatab God's grace multipurposeventure - Gods grace 4","132,800.00",16,"17,000.00",6,"20,000.00",TRUE,0,,,
335,May,2070U2EJ,P260300803816,"Omak healthcare services - Omakshawarma Amuludun","132,700.00",43,0,0,"20,000.00",TRUE,0,,,
336,May,2070P7ED,P260301131934,KLmm Ventures,"132,200.00",5,"258,000.00",6,"20,000.00",TRUE,0,,,
337,May,20700DED,P260301296478,Prosperity Venture 2,"132,200.00",21,0,0,"20,000.00",TRUE,0,,,
338,May,20704MXQ,P260301460412,Ayonitemi Multi Venture,"132,100.00",11,0,0,"20,000.00",TRUE,0,,,
339,May,2070B480,P260300612097,AOT Consultant 5,"130,800.00",23,"130,192.50",1,"20,000.00",TRUE,0,,,
340,May,2070PS7S,P260301626712,Adekash Megatop,"130,600.00",4,"85,000.00",2,"20,000.00",TRUE,0,,,
341,May,2070FTP4,P260301131931,AOT CONSULTANT 7,"128,300.00",15,"127,818.50",3,"20,000.00",TRUE,0,,,
342,May,2070287F,P260301043763,"99-CITIES ENTERPRISES -MONEY WORD VENTURES","126,800.00",28,"11,800.00",2,"20,000.00",TRUE,0,,,
343,May,2070TII7,P260300497467,"Petes Bar and Lounge - Petes Barand Lounge","126,800.00",13,0,0,"20,000.00",TRUE,0,,,
344,May,207076RA,22115678,Mighty-jacko Ltd,"125,700.00",3,0,0,"20,000.00",TRUE,0,,,
345,May,2070I484,P260301172676,Humble joyce business center,"125,650.00",37,0,0,"20,000.00",TRUE,0,,,
346,May,2057HQKM,P260301219081,FOODCO NIG AKOBO ONLINE,"124,307.00",7,0,0,"20,000.00",TRUE,0,,,
347,May,20337GS6,P260300549905,Oluwatobi Stores,"121,550.00",8,0,0,"20,000.00",TRUE,0,,,
348,May,2070ZU9Y,C42P008D01915654,Lime life 3,"121,500.00",3,0,0,"20,000.00",TRUE,0,,,
349,May,2033CKVL,P260300315006,PRINCESS VENTURE,"121,250.00",16,"196,000.00",5,"20,000.00",TRUE,0,,,
350,May,2033TIP6,P260300418553,One love venture,"118,900.00",26,"31,800.00",5,"20,000.00",TRUE,0,,,
351,May,2033IRT0,22115687,Oma Global concepts & services 5,"118,700.00",19,"12,600.00",1,"20,000.00",TRUE,0,,,
352,May,20331TQN,P260300700648,"Feedwell Foods Supermarket OldIfe Road","117,845.00",19,0,0,"20,000.00",TRUE,0,,,
353,May,2070XR73,P260300599565,His Mercy Ventures,"117,000.00",19,"150,700.00",11,"20,000.00",TRUE,0,,,
354,May,2214OCL3,P260301296476,"IBADAN CHINESERESTAURANT 2","116,421.50",9,0,0,"20,000.00",TRUE,0,,,
355,May,2057USAK,P260300779655,Ewafimihan limited,"115,800.00",24,"115,083.00",7,"20,000.00",TRUE,0,,,
356,May,2057XGUL,P260300532790,"BOVAS & COMPANY LIMITED -BOVAS AND COMPANYOSOGBO 4","115,500.00",3,0,0,"20,000.00",TRUE,0,,,
357,May,2057IADD,P260301345853,Matti Grills Brand,"115,450.00",21,0,0,"20,000.00",TRUE,0,,,
358,May,2070A632,P260300576180,Yakwum Ventures,"114,200.00",15,"105,000.00",3,"20,000.00",TRUE,0,,,
359,May,2033JHMN,P260300720126,PerfectEnaira Global services,"114,000.00",6,"792,200.00",4,"20,000.00",TRUE,0,,,
360,May,207015VI,P260300166134,Meenah Ventures,"113,200.00",8,"70,300.00",3,"20,000.00",TRUE,0,,,
361,May,20338FU9,P260300555061,"SUNRISE UNIVERSALINTEGRATED SUPERMARKET -Sunrise Supermarket Bodija 2","113,170.00",22,0,0,"20,000.00",TRUE,0,,,
362,May,2057HMSX,P260301335690,ARINOLA VENTRES,"112,950.00",7,"82,000.00",8,"20,000.00",TRUE,0,,,
363,May,2070LS7T,P260301173238,Mama tee food canteen,"112,470.00",66,"109,000.00",1,"20,000.00",TRUE,0,,,
364,May,22143DCD,P260301731687,"MIGHTY GLORY ETERNALCONCEPT - Mighty Glory 4","111,100.00",22,"73,900.00",6,"20,000.00",TRUE,0,,,
365,May,2033FZZH,P260300113161,Nafisat Ventures,"109,900.00",15,"68,390.00",3,"20,000.00",TRUE,0,,,
366,May,2033OXK6,P260300652261,Prince Wale Ventures,"108,100.00",3,"112,550.00",2,"20,000.00",TRUE,0,,,
367,May,2070DPSN,P260301731688,Beejay Enterprise,"106,700.00",8,"22,000.00",2,"20,000.00",TRUE,0,,,
368,May,2057UGKU,P260301048682,"BOVAS & COMPANY LIMITED -Bovas And Company Ajibode","103,920.00",9,0,0,"20,000.00",TRUE,0,,,
369,May,2070S5OK,P260300523166,Alasiri Frozen foods,"103,200.00",15,"102,600.00",2,"20,000.00",TRUE,0,,,
370,May,2057MRDG,P260300453242,Abaniseloluwa,"102,650.00",22,"99,500.00",6,"20,000.00",TRUE,0,,,
371,May,2070EZA0,P260300218366,ObaGOAL Concept 2,"101,550.00",17,"230,500.00",8,"20,000.00",TRUE,0,,,
372,May,2057VBDY,P260300793816,T Money,"100,000.00",9,"15,100.00",4,"20,000.00",TRUE,0,,,
373,May,2057AQXN,P260301168567,Oma global concept & services 2,"99,200.00",20,"10,000.00",1,"20,000.00",TRUE,0,,,
374,May,2033NNY5,P260300576181,Afolabi Concept,"98,300.00",20,"4,500.00",1,"20,000.00",TRUE,0,,,
375,May,2070977B,P260300523165,As-salam ventures,"96,000.00",13,"166,000.00",3,"20,000.00",TRUE,0,,,
376,May,2070VC02,P260300166140,Engr Mk and Co,"95,700.00",11,"95,000.00",1,"20,000.00",TRUE,0,,,
377,May,2070R2UG,P260301292216,Monshalahu,"95,400.00",10,0,0,"20,000.00",TRUE,0,,,
378,May,2070Z5VZ,P260300562609,GENA OYO,"95,000.00",2,0,0,"20,000.00",TRUE,0,,,
379,May,2070YW0J,P260300973775,"FOODCO SUPERMARKETARULOGUN 3","94,489.00",17,0,0,"20,000.00",TRUE,0,,,
380,May,2033PDRB,P260301335689,Folad Venture,"94,100.00",16,"214,110.00",10,"20,000.00",TRUE,0,,,
381,May,2214ETXI,P260301761113,"99-CITIES ENTERPRISES -Money World 12","94,060.00",15,"13,000.00",3,"20,000.00",TRUE,0,,,
382,May,2070AKLI,P260301216642,SBMT,"93,680.00",19,"20,000.00",1,"20,000.00",TRUE,0,,,
383,May,2057YVPU,P260301188107,O and O trading stores,"93,600.00",20,"8,000.00",4,"20,000.00",TRUE,0,,,
384,May,2070591Q,P260301198629,Adex Ventures,"93,500.00",13,"50,000.00",1,"20,000.00",TRUE,0,,,
385,May,20700IKB,P260301216657,Sholarz Ventures,"93,500.00",12,"32,200.00",5,"20,000.00",TRUE,0,,,
386,May,2070L9ZK,P260300700844,LANLAB NIGERIA LIMITED,"92,000.00",11,0,0,"20,000.00",TRUE,0,,,
387,May,20331MEN,P260300499616,Everfresh Pharmacy and stores,"91,950.00",15,"91,000.00",1,"20,000.00",TRUE,0,,,
388,May,2057IIFC,P260301219080,IBACHI BUBBLE TEA BAR,"91,375.00",11,0,0,"20,000.00",TRUE,0,,,
389,May,2033TEPT,P260301292309,Omowuni Ventures,"90,500.00",16,"17,700.00",5,"20,000.00",TRUE,0,,,
390,May,2033KVO4,P260301554199,Oluwakemi Ventures,"88,000.00",7,"97,900.00",4,"20,000.00",TRUE,0,,,
391,May,20704GWH,P260301292307,Sophisticated Business World,"86,900.00",14,"10,200.00",1,"20,000.00",TRUE,0,,,
392,May,2057XGVK,P260300852471,"BOVAS & COMPANY LIMITED -BOVAS AND COMPANY SANYO","85,150.00",1,0,0,"20,000.00",TRUE,0,,,
393,May,2070CDBZ,P260301650033,Maracana 3,"85,040.00",9,0,0,"20,000.00",TRUE,0,,,
394,May,2057XGUQ,P260300692719,"BOVAS & COMPANY LIMITED -BOVAS AND COMPANY ILESHA1","84,900.00",3,0,0,"20,000.00",TRUE,0,,,
395,May,2057ZYVF,P260301270628,Ajibato - AJIBATO 2,"83,100.00",13,"1,452,636.91",5,"20,000.00",TRUE,0,,,
396,May,2033CUYB,P260300115005,Diamond photography venture 2,"82,800.00",11,"195,050.00",16,"20,000.00",TRUE,0,,,
397,May,2070APKJ,P260301222506,"BOVAS & COMPANY LIMITED -BOVAS AND COMPANY ITAOSHIN","82,600.00",6,0,0,"20,000.00",TRUE,0,,,
398,May,2070G3PN,P260300797995,Tommy D,"81,100.00",3,"83,000.00",1,"20,000.00",TRUE,0,,,
399,May,2070P7BJ,P260300612091,Living proof bakery Idi Oya,"80,770.00",27,0,0,"20,000.00",TRUE,0,,,
400,May,2070I1GX,P260300852653,Jofes supermarket Ibadan 2,"79,810.00",18,0,0,"20,000.00",TRUE,0,,,
401,May,2070UO9T,P260301163602,"Adebola Graceys - NightlifeKitchen","79,150.00",5,0,0,"20,000.00",TRUE,0,,,
402,May,20703MTW,P260300420622,"Arike Ade provision and varietiesstore","78,850.00",11,"24,100.00",2,"20,000.00",TRUE,0,,,
403,May,207027MC,P260301479833,Zeenat Ventures,"76,200.00",13,"44,000.00",2,"20,000.00",TRUE,0,,,
404,May,2070NZ5I,P260301092148,"Greenplus pharmaceutical andhealthcare services","76,160.00",15,0,0,"20,000.00",TRUE,0,,,
405,May,2070I2HA,P260301262487,Vicsu Ventures,"75,550.00",8,"40,375.00",3,"20,000.00",TRUE,0,,,
406,May,2057IWHG,P260301352258,"Mosh Golden ProfilePharmaceutical limited - Moshsupermarket Iseyin 1","73,050.00",21,0,0,"20,000.00",TRUE,0,,,
407,May,2033QGP9,P260300556345,Oma global 3,"71,400.00",8,"15,600.00",2,"20,000.00",TRUE,0,,,
408,May,2057TTEB,P260300803818,PerfectENaira 3,"70,450.00",14,0,0,"20,000.00",TRUE,0,,,
409,May,2070051Q,P260300068454,D Noble intercom communication,"70,200.00",16,"125,600.00",6,"20,000.00",TRUE,0,,,
410,May,2033ORXR,P260301219089,Zoe Crest pharmacy,"69,650.00",25,"7,250.00",1,"20,000.00",TRUE,0,,,
411,May,2057ULNT,P260301304379,"BOVAS & COMPANY LIMITED -BOVAS AND COMPANY APATA","67,800.00",2,0,0,"20,000.00",TRUE,0,,,
412,May,2033F7GP,C41P008D01509573,Ibukunoluwa Ventrs,"67,200.00",4,"31,400.00",3,"20,000.00",TRUE,0,,,
413,May,2033CVIP,P260300122343,Arise and shine Ventures,"66,750.00",5,"66,420.25",1,"20,000.00",TRUE,0,,,
414,May,20705KRE,P260301171377,Focus Financial Venture,"66,100.00",11,"38,500.00",3,"20,000.00",TRUE,0,,,
415,May,2214RANU,P260301754914,Ibachi Bubble Tea Bar 3,"65,867.50",7,0,0,"20,000.00",TRUE,0,,,
416,May,22149J5O,P260301816263,DARAMOLA TOYIN FLORENCE,"65,800.00",13,"10,500.00",2,"20,000.00",TRUE,0,,,
417,May,2214YQ0Q,C42P008D01915658,Alexzy Empir 1,"65,800.00",11,"2,100.00",1,"20,000.00",TRUE,0,,,
418,May,20704TDJ,P260300367978,Hay Why Multipurpose Ventures,"65,100.00",17,"39,000.00",2,"20,000.00",TRUE,0,,,
419,May,2070OM1U,P260301164211,Vista Forte Pharmacy ltd,"65,020.00",22,"34,000.00",1,"20,000.00",TRUE,0,,,
420,May,2033FTFU,P260300161943,Great grace and mercy ventures,"64,700.00",10,"26,500.00",2,"20,000.00",TRUE,0,,,
421,May,2057Q2QS,P260301821543,Precious247 Enterprise 2,"64,550.00",11,"38,650.00",1,"20,000.00",TRUE,0,,,
422,May,2057UFII,P260300738965,"BOVAS & COMPANY LIMITED -BOVAS AND COMPANYOLUYOLE 1 LPG","63,215.00",9,0,0,"20,000.00",TRUE,0,,,
423,May,20707YGZ,P260301044068,Alaloye Concept,"62,850.09",14,"87,000.00",7,"20,000.00",TRUE,0,,,
424,May,2033LVJ2,P260301292306,Susscare Enterprise 2,"62,600.00",7,"52,300.00",2,"20,000.00",TRUE,0,,,
425,May,2070RLA4,P260300617707,"1004 Cravings - Strands BeautyStudios","62,300.00",12,0,0,"20,000.00",TRUE,0,,,
426,May,2070V59T,P260301222895,SAO COCA COLA 1,"62,006.00",7,0,0,"20,000.00",TRUE,0,,,
427,May,2070IG0F,P260301338762,Onas Venture,"60,000.00",9,"10,000.00",2,"20,000.00",TRUE,0,,,
428,May,2057DNJS,P260301582021,Oriowo Ventures 2,"59,400.00",16,"58,360.00",3,"20,000.00",TRUE,0,,,
429,May,2033CIRK,P260301351899,Hormoh concept,"59,400.00",12,"15,000.00",1,"20,000.00",TRUE,0,,,
430,May,2057XWPA,P260301092568,Nibol Link Venture,"59,350.00",8,"118,000.00",3,"20,000.00",TRUE,0,,,
431,May,2070IEUR,P260301538674,Designer Points Enterprises 2,"59,200.00",6,"12,200.00",3,"20,000.00",TRUE,0,,,
432,May,2070CSTL,P260301700228,Plux Digital Consult 2,"59,050.00",9,"1,500.00",1,"20,000.00",TRUE,0,,,
433,May,20709U4Q,P260301731686,Quedee Couture,"58,700.00",7,"783,400.00",2,"20,000.00",TRUE,0,,,
434,May,207002VE,P260301642797,Olatilewa Aj Ventures,"58,500.00",1,"308,000.00",2,"20,000.00",TRUE,0,,,
435,May,2057DKUU,P260301198762,AKBAS VENTURE,"57,500.00",3,0,0,"20,000.00",TRUE,0,,,
436,May,2033OIDG,P260300536890,Yemmy Ventures,"57,400.00",9,"5,700.00",2,"20,000.00",TRUE,0,,,
437,May,2057XYRD,P260301188119,Fan Express,"56,500.00",7,"135,000.00",5,"20,000.00",TRUE,0,,,
438,May,2057EWHQ,P260301288863,Ajibola Telecom 3,"56,450.00",10,"1,800.00",2,"20,000.00",TRUE,0,,,
439,May,2070XVU5,P260301192904,Obagoal Concept 3,"56,100.00",15,"158,140.00",12,"20,000.00",TRUE,0,,,
440,May,2070SLE9,P260300548976,Chrysalis Cafe Bodija,"55,100.00",4,0,0,"20,000.00",TRUE,0,,,
441,May,2070J8SD,P260300654202,Panthers Hub 2,"54,500.00",5,0,0,"20,000.00",TRUE,0,,,
442,May,2070222H,P260301045726,MACJAY Enterprises,"51,800.00",15,"57,400.00",8,"20,000.00",TRUE,0,,,
443,May,2057XWCY,P260301092570,Authentik Golden Concept,"51,500.00",2,0,0,"20,000.00",TRUE,0,,,
444,May,2033ZOJL,P260300499615,Latmus Telecom,"50,700.00",19,"55,500.00",6,"20,000.00",TRUE,0,,,
445,May,2057J58G,P260301745147,REJCOV,"50,500.00",5,"10,000.00",1,"20,000.00",TRUE,0,,,
446,May,2033GZJ5,P260301581185,Karimoht Azeez,"50,050.00",11,"192,500.00",4,"20,000.00",TRUE,0,,,
447,May,2070CFJW,P260301700227,PerfectENiara 4,"49,200.00",8,"10,900.00",2,"20,000.00",TRUE,0,,,
448,May,2070ID8O,P260301044066,Ayoola T and K,"48,950.00",9,"25,000.00",2,"20,000.00",TRUE,0,,,
449,May,2057O3UR,P260301821542,Sholarz Venture 2,"48,000.00",3,"92,500.00",4,"20,000.00",TRUE,0,,,
450,May,2070YD82,P260301815579,Foodco Abeokuta Delivery,"47,495.00",7,0,0,"20,000.00",TRUE,0,,,
451,May,2070F4VR,P260301494177,"SUNRISE UNIVERSALINTEGRATED SUPERMARKET -UPTOWN UNISEX SALOON","47,000.00",8,0,0,"20,000.00",TRUE,0,,,
452,May,2070X5EL,P260300613880,GENA 3,"46,800.00",7,0,0,"20,000.00",TRUE,0,,,
453,May,2070CFGA,P260301700220,Oola Ventrs,"46,300.00",9,"3,900.00",1,"20,000.00",TRUE,0,,,
454,May,207068PS,P260301173235,E&E Easycash1,"45,950.00",8,"73,550.00",2,"20,000.00",TRUE,0,,,
455,May,2070JS5P,P260301083328,SAO IWO ROAD 4,"45,900.00",10,0,0,"20,000.00",TRUE,0,,,
456,May,2070HE4Q,P260301122804,CEEDOO VENTURE,"45,800.00",10,"20,900.00",7,"20,000.00",TRUE,0,,,
457,May,207038RT,P260301555077,Al-Barka Communications,"45,300.00",2,0,0,"20,000.00",TRUE,0,,,
458,May,2057O2CB,C42P008D01806229,Top4 Business Center,"44,700.00",12,0,0,"20,000.00",TRUE,0,,,
459,May,20339MKA,P260301219471,"INSURABLE GAS ANDCHEMICAL VENTURE","44,050.00",10,0,0,"20,000.00",TRUE,0,,,
460,May,2057BGXS,P260300076067,Vikky Global Venture,"43,940.00",9,"23,000.00",2,"20,000.00",TRUE,0,,,
461,May,2057A43S,C41P008D01509567,Ola Tem Business ventres 2,"43,100.00",9,"2,350.00",2,"20,000.00",TRUE,0,,,
462,May,2070448M,P260301274145,Kunfayakun Ventures,"42,500.00",4,"11,000.00",2,"20,000.00",TRUE,0,,,
463,May,2070B475,P260300127236,Ayotola Concepts,"42,300.00",7,"45,100.00",3,"20,000.00",TRUE,0,,,
464,May,2033LJW9,P260301173236,"Al-Habeeb communicationVentures","41,400.00",9,0,0,"20,000.00",TRUE,0,,,
465,May,2057FMFS,P260301328747,"AGh intl Serviced ApartmentExpress","40,500.00",1,0,0,"20,000.00",TRUE,0,,,
466,May,2070Z1JO,P260300672323,City link Hotels,"40,500.00",6,0,0,"20,000.00",TRUE,0,,,
467,May,207022SJ,P260301198761,Marker and Maker Services,"40,150.00",11,"158,900.00",5,"20,000.00",TRUE,0,,,
468,May,22147QR9,P260301759152,SHITTU OMONIYI SAHEED,"39,300.00",7,"41,500.00",5,"20,000.00",TRUE,0,,,
469,May,2070XA7E,P260300441162,"Greenplus pharmaceuticals andhealthcare services mokola","38,300.00",9,0,0,"20,000.00",TRUE,0,,,
470,May,2057VJNN,P260300739805,F and A BODIJA,"38,000.00",5,0,0,"20,000.00",TRUE,0,,,
471,May,2070GE7J,P260300807492,Hesed Pharmacy,"37,550.00",19,0,0,"20,000.00",TRUE,0,,,
472,May,2057BJGA,P260301271080,Bonsai Boutique,"36,000.00",1,0,0,"20,000.00",TRUE,0,,,
473,May,2070XPS5,P260301460413,Beejay footwear Multi Ventures,"35,250.00",10,0,0,"20,000.00",TRUE,0,,,
474,May,2033YAF5,P260300431727,AOT CONSULTANT 4,"34,900.00",9,"34,725.50",1,"20,000.00",TRUE,0,,,
475,May,20700XJA,P260300445234,Unstoppable God Ventures,"33,500.00",8,"33,500.00",1,"20,000.00",TRUE,0,,,
476,May,2070IKTH,P260301195527,Rftadeola Venture,"32,800.00",6,"3,000.00",1,"20,000.00",TRUE,0,,,
477,May,2033D3QP,P260301494179,Ayokemi ventures,"31,400.00",5,"31,000.00",2,"20,000.00",TRUE,0,,,
478,May,2070EZOW,P260301472301,"Mosh Golden ProfilePharmaceutical limited - Moshpharm supermarket bodija 3","31,330.00",12,0,0,"20,000.00",TRUE,0,,,
479,May,2070KBZU,7.02308E+13,Richi ventr,"31,200.00",1,0,0,"5,000.00",TRUE,0,,,
480,May,2057AQTS,P260300418549,Ibrahim Oladejo,"30,800.00",6,0,0,"20,000.00",TRUE,0,,,
481,May,2033FJFX,P260300670770,Olatose ventures,"29,800.00",6,"2,500.00",2,"20,000.00",TRUE,0,,,
482,May,2070NRE7,P260301347827,Friendly Top molete,"28,400.00",8,0,0,"20,000.00",TRUE,0,,,
483,May,2057HKGB,P260301219082,Kounty,"28,100.00",3,0,0,"20,000.00",TRUE,0,,,
484,May,2070N1QR,P260300638518,"247Data Communications - 247Data Communications","27,700.00",7,0,0,"20,000.00",TRUE,0,,,
485,May,2033LMH5,P260300116396,"Al- Habeeb communicationVenture 2","27,600.00",8,0,0,"20,000.00",TRUE,0,,,
486,May,2033QEY5,P260300576179,BMA 2 VENTURES,"26,350.00",6,"30,600.00",6,"20,000.00",TRUE,0,,,
487,May,2070HFCZ,P260301520681,Black N Grey Saloon and Spa,"24,500.00",5,0,0,"20,000.00",TRUE,0,,,
488,May,2033KVJ6,P260300244307,T&T Ventures,"24,400.00",4,"44,410.00",2,"20,000.00",TRUE,0,,,
489,May,207018RG,P260300174858,God's Favour Ventures,"23,700.00",5,"52,100.00",2,"20,000.00",TRUE,0,,,
490,May,2057XGUX,P260301652776,"BOVAS & COMPANY LIMITED -BOVAS AND COMPANY AKALA","23,600.00",1,0,0,"20,000.00",TRUE,0,,,
491,May,2057MXNQ,P260300599570,Alaloye Concept 2,"23,500.00",3,"43,600.00",5,"20,000.00",TRUE,0,,,
492,May,2070686C,P260301170064,Iya mama ventures,"23,200.00",4,"25,520.00",5,"20,000.00",TRUE,0,,,
493,May,2057HIBX,P260301347829,Whykayy,"23,100.00",6,"27,000.00",1,"20,000.00",TRUE,0,,,
494,May,2057HAKQ,P260301520682,Ali time venture 2,"22,850.00",5,"122,000.00",7,"20,000.00",TRUE,0,,,
495,May,2070RV7C,P260300852474,"BOVAS & COMPANY LIMITED -BOVAS AND COMPANY ORE 1","22,600.00",1,0,0,"20,000.00",TRUE,0,,,
496,May,2070WT0V,P260300973778,FOODCO NIG ABEOKUTA 7,"22,500.00",8,0,0,"20,000.00",TRUE,0,,,
497,May,2070829S,P260300068462,Azetec Enterprise,"21,450.00",5,0,0,"20,000.00",TRUE,0,,,
498,May,2057P9YR,P260301854540,Greenplus Pharmaceutical SASA,"21,260.00",7,0,0,"20,000.00",TRUE,0,,,
499,May,2057XGUI,P260301336358,"BOVAS & COMPANY LIMITED -BOVAS AND COMPANY AKURE2","21,000.00",4,0,0,"20,000.00",TRUE,0,,,
500,May,2070P3NJ,P260300739817,TECH ZONE BODIJA,"20,700.00",6,0,0,"20,000.00",TRUE,0,,,
501,May,2070J2ZS,P260300797833,"Engulf Virtual RealityTechnologies","20,500.00",8,0,0,"20,000.00",TRUE,0,,,
502,May,2033FUAI,P260300610079,Ibrahim Venture,"20,300.00",1,"20,000.00",1,"20,000.00",TRUE,0,,,
503,May,2033OKST,P260301205940,Arik venture limited,"20,100.00",7,"24,000.00",1,"20,000.00",TRUE,0,,,
504,May,2070AKBE,P260301217299,Maa Shaa Allah ventures 2,"19,300.00",4,"12,800.00",2,"20,000.00",FALSE,0,,,
505,May,2033QKH1,P260300074716,Hadash credit services,"19,100.00",5,"18,500.00",1,"20,000.00",FALSE,0,,,
506,May,2057UHLC,P260300076244,"BOVAS & COMPANY LIMITED -BOVAS AND COMPANY AKOBO1","18,280.00",1,0,0,"20,000.00",FALSE,0,,,
507,May,2070YU9I,P260301044069,Korex Ventures,"18,200.00",4,"65,250.00",9,"20,000.00",FALSE,0,,,
508,May,2070786G,P260301204046,Oye Venture,"18,000.00",2,0,0,"20,000.00",FALSE,0,,,
509,May,2070O3OD,P260300739800,BODIJA PHOTO PRO,"17,000.00",2,0,0,"20,000.00",FALSE,0,,,
510,May,2070GS4N,P260301671979,"SUNRISE UNIVERSALINTEGRATED SUPERMARKET -Sunrise Pharm Supermarket","15,950.00",4,0,0,"20,000.00",FALSE,0,,,
511,May,2033CKIY,P260301165949,"99-CITIES ENTERPRISES -Money World Ventures 3","15,300.00",4,0,0,"20,000.00",FALSE,0,,,
512,May,2070MX4L,P260301198628,Annytez Multilinks Production,"15,200.00",6,"19,000.00",1,"20,000.00",FALSE,0,,,
513,May,2070GEDV,P260301491689,RANAO,"13,750.00",5,0,0,"20,000.00",FALSE,0,,,
514,May,2057P8JT,C42P008D01806231,SAFIU SULAIMON OLALEKAN,"12,700.00",4,"25,000.00",2,"20,000.00",FALSE,0,,,
515,May,2070RY7T,P260300852463,"BOVAS & COMPANY LIMITED -BOVAS AND COMPANY BIDA","12,500.00",2,0,0,"20,000.00",FALSE,0,,,
516,May,20337ZMT,P260301183916,"SUNRISE UNIVERSALINTEGRATED SUPERMARKET -SUNRISE PHARMACY","11,800.00",4,0,0,"20,000.00",FALSE,0,,,
517,May,2070N3HM,P260300617042,Abundance rest 2,"11,200.00",3,0,0,"20,000.00",FALSE,0,,,
518,May,20704QSA,P260301045727,VACATION HAUS 2,"10,100.00",2,0,0,"20,000.00",FALSE,0,,,
519,May,2070RJ3U,P260301204048,THE DEW FINANCIAL SERVICE,"10,000.00",1,"70,000.00",2,"20,000.00",FALSE,0,,,
520,May,2070L5NM,P260301262489,Ogedotun,"9,500.00",2,0,0,"20,000.00",FALSE,0,,,
521,May,2057UKPR,P260301335691,ID ventrs,"9,300.00",4,0,0,"20,000.00",FALSE,0,,,
522,May,20700RNN,P260301351880,Oluyole Arcade,"9,050.00",7,0,0,"20,000.00",FALSE,0,,,
523,May,2070VD1F,P260300973605,Mobile Tasty kitchen,"9,000.00",3,0,0,"20,000.00",FALSE,0,,,
524,May,2070YJ0F,P260300992818,FOODCO NIG LEKKI 1,"8,960.00",5,0,0,"20,000.00",FALSE,0,,,
525,May,2214JV89,P260301761112,Amazing Grace Store 3,"8,590.00",6,0,0,"20,000.00",FALSE,0,,,
526,May,2057XGTO,P260300426363,"BOVAS & COMPANY LIMITED -BOVAS AND COMPANY ITAOSHIN","7,250.00",2,0,0,"20,000.00",FALSE,0,,,
527,May,2033IYZ7,22116593,Benike cooperative society,"7,000.00",1,"378,500.00",3,"20,000.00",FALSE,0,,,
528,May,2033TQJK,P260300269413,Beloved Enterprise,"7,000.00",4,"6,000.00",2,"20,000.00",FALSE,0,,,
529,May,2057V96B,P260301745146,AK concept 2,"6,400.00",3,"7,130.00",2,"20,000.00",FALSE,0,,,
530,May,2033TDHC,P260300983984,Modupe Venture,"5,900.00",2,"4,300.00",1,"20,000.00",FALSE,0,,,
531,May,2070F8MJ,P260301262486,Smiles Ventures,"5,800.00",4,"2,000.00",1,"20,000.00",FALSE,0,,,
532,May,20705WFF,P260301492426,Rhinos Cafe 3,"5,400.00",2,0,0,"20,000.00",FALSE,0,,,
533,May,2070KE7N,C41P008D01509562,Awwal Cncept,"5,100.00",1,"14,000.00",2,"20,000.00",FALSE,0,,,
534,May,2057FJRC,P260301198764,Nurul-llah Enterprises,"5,100.00",1,0,0,"20,000.00",FALSE,0,,,
535,May,2057XGSX,P260301086250,"BOVAS & COMPANY LIMITED -BOVAS AND COMPANYIGBOORA 1","5,000.00",1,0,0,"20,000.00",FALSE,0,,,
536,May,2070HSFM,P260301671403,Radiant Ewa Enterprse,"5,000.00",2,0,0,"20,000.00",FALSE,0,,,
537,May,2070Z5VN,P260300654204,Holasquare 1,"3,800.00",2,"83,000.00",2,"20,000.00",FALSE,0,,,
538,May,2070UG4K,P260301332461,Fortunate,"3,300.00",3,"1,700.00",2,"20,000.00",FALSE,0,,,
539,May,2070680C,P260300054761,Q Telecom,"3,100.00",1,"11,000.00",2,"20,000.00",FALSE,0,,,
540,May,2057TSZA,P260300740901,Folarin Multi Ventures,"3,000.00",2,0,0,"20,000.00",FALSE,0,,,
541,May,2033FRRX,P260300838718,Asoniaji Venture,"2,500.00",1,0,0,"20,000.00",FALSE,0,,,
542,May,20700CYN,P260300425963,Tonik Pharmacy,"2,440.00",1,0,0,"20,000.00",FALSE,0,,,
543,May,2070THA5,P260301338761,Tkl,"1,900.00",1,0,0,"20,000.00",FALSE,0,,,
544,May,2070J1CP,P260301761114,ADERIBIGBE PAULINE ADENIKE,"1,700.00",2,"1,700.00",1,"20,000.00",FALSE,0,,,
545,May,2070QAR9,P260301351883,Ace Oluyole Supermarket 3,"1,700.00",1,0,0,"20,000.00",FALSE,0,,,
546,May,2070RZ7H,P260300852461,"BOVAS & COMPANY LIMITED -BOVAS AND COMPANY OWO","1,000.00",1,0,0,"20,000.00",FALSE,0,,,
547,May,207027IU,P260300022967,A1 Global Ventures 2,"1,000.00",2,0,0,"20,000.00",FALSE,0,,,
548,May,2057JQJF,P260301345851,"ABYBAS VENTURE - ABYBASVENTURE",0,0,"164,150.00",9,"20,000.00",FALSE,1,,,
549,May,2214QLTB,C41P008D01502308,Abepel Venture,0,0,"100,000.00",3,"20,000.00",FALSE,2,,,
550,May,207024FX,P260300556201,Cash &smile,0,0,"50,000.00",1,"20,000.00",FALSE,2,,,
551,May,2070XU99,P260301575660,Hephzibah enterprises,0,0,"20,000.00",2,"20,000.00",FALSE,2,,,
552,May,2070TFV9,P260301169962,Ola Anobi Enterprises,0,0,"10,000.00",1,"20,000.00",FALSE,1,,,
553,May,2070FGOQ,P260301170355,"INNOCENT T&KCOMMUNICATION ANDENGINEERING SERVICES -",0,0,"2,900.00",1,"20,000.00",FALSE,1,,,
554,May,2057XGUU,P260301086243,"BOVAS & COMPANY LIMITED -BOVAS AND COMPANYEGBEDA",0,0,0,0,"20,000.00",FALSE,9,,,
555,May,2057WXQY,P260301685188,"BOVAS & COMPANY LIMITED -BOVAS AND COMPANY ADO 3",0,0,0,0,"20,000.00",FALSE,2,,,
556,May,2033TCNA,7.02308E+13,Cephs Kitchens,0,0,0,0,"5,000.00",FALSE,9,,,
557,May,2070RZ7R,P260301685186,"BOVAS & COMPANY LIMITED -BOVAS AND COMPANYOGBOMOSO 2",0,0,0,0,"20,000.00",FALSE,1,,,
558,May,2057ULOD,P260301085479,"BOVAS & COMPANY LIMITED -BOVAS AND COMPANYOGBOMOSO 3",0,0,0,0,"20,000.00",FALSE,11,,,
559,May,2057NFYN,P260301092380,Jofes International 1,0,0,0,0,"20,000.00",FALSE,1,,,
560,May,2057XGTM,P260301086129,"BOVAS & COMPANY LIMITED -BOVAS AND COMPANY OYO 3",0,0,0,0,"20,000.00",FALSE,8,,,
561,May,2057XGUP,P260301086258,"BOVAS & COMPANY LIMITED -BOVAS AND COMPANY KANO",0,0,0,0,"20,000.00",FALSE,6,,,
562,May,2057XGVT,P260301086248,"BOVAS & COMPANY LIMITED -BOVAS AND COMPANY OKEARO",0,0,0,0,"20,000.00",FALSE,6,,,
563,May,2057XGVB,P260301086259,"BOVAS & COMPANY LIMITED -BOVAS AND COMPANY ENUGU",0,0,0,0,"20,000.00",FALSE,2,,,
564,May,20709EMW,P260301092569,FinrelNigeria 3,0,0,0,0,"20,000.00",FALSE,13,,,
565,May,2070UT5I,P260301083326,SAO RING ROAD 4,0,0,0,0,"20,000.00",FALSE,107,,,
566,May,2070UM5G,P260301083325,SAO DANDARU 4,0,0,0,0,"20,000.00",FALSE,72,,,
567,May,2070ZG2M,P260300975338,MJ collections,0,0,0,0,"20,000.00",FALSE,223,,,
568,May,2070TN5L,P260301083327,SAO RING ROAD 5,0,0,0,0,"20,000.00",FALSE,115,,,
569,May,2070JY5Z,P260301083324,SAO MONATAN 3,0,0,0,0,"20,000.00",FALSE,5,,,
570,May,2070NJ5F,P260301083329,SAO COCA COLA 5,0,0,0,0,"20,000.00",FALSE,5,,,
571,May,2057XGSH,P260301085211,"BOVAS & COMPANY LIMITED -BOVAS AND COMPANY ONDO 4",0,0,0,0,"20,000.00",FALSE,2,,,
572,May,2070ZN2K,P260300975336,AZ ALKMAAR,0,0,0,0,"20,000.00",FALSE,221,,,
573,May,2057XWLZ,P260301092567,Gravano Club,0,0,0,0,"20,000.00",FALSE,24,,,
574,May,207076QS,P260300973600,Ador investment Nigeria ltd,0,0,0,0,"20,000.00",FALSE,150,,,
575,May,2070YF0E,P260300973777,FOODCO NIG IDI ABA 1,0,0,0,0,"20,000.00",FALSE,17,,,
576,May,2057XGSM,P260301671977,"BOVAS & COMPANY LIMITED -BOVAS AND COMPANY SOBIROAD",0,0,0,0,"20,000.00",FALSE,7,,,
577,May,2070VE51,P260300366090,Baba90 POS,0,0,0,0,"20,000.00",FALSE,2,,,
578,May,2070YF0S,P260301216645,FOODCO NIG AKOBO 3,0,0,0,0,"20,000.00",FALSE,30,,,
579,May,2070RZ7K,P260301331294,"BOVAS & COMPANY LIMITED -BOVAS AND COMPANY OFFAGARAGE 2",0,0,0,0,"20,000.00",FALSE,4,,,
580,May,2057XGVI,P260301671978,"BOVAS & COMPANY LIMITED -BOVAS AND COMPANY IDI OSE",0,0,0,0,"20,000.00",FALSE,1,,,
581,May,2070RY7V,P260301331290,"BOVAS & COMPANY LIMITED -BOVAS AND COMPANY IFE 4",0,0,0,0,"20,000.00",FALSE,8,,,
582,May,2070RV7G,P260300852473,"BOVAS & COMPANY LIMITED -BOVAS AND COMPANY ORE 2",0,0,0,0,"20,000.00",FALSE,11,,,
583,May,2070RU7U,P260300852475,"BOVAS & COMPANY LIMITED -BOVAS AND COMPANYSAWMILL",0,0,0,0,"20,000.00",FALSE,10,,,
584,May,2070Z0AM,P260300365203,FinrelNigeria Olomi 3,0,0,0,0,"20,000.00",FALSE,26,,,
585,May,2070RU7J,P260300852478,"BOVAS & COMPANY LIMITED -BOVAS AND COMPANY OKENE1",0,0,0,0,"20,000.00",FALSE,9,,,
586,May,2057BPSZ,P260301219470,Al mustapha,0,0,0,0,"20,000.00",FALSE,201,,,
587,May,2057AKGQ,P260301219474,Obago,0,0,0,0,"20,000.00",FALSE,257,,,
588,May,2057BQYP,P260301222896,Fir Saphyevents,0,0,0,0,"20,000.00",FALSE,65,,,
589,May,2070NW7L,P260300852651,Ma Sha Allah Baby Comfort Store,0,0,0,0,"20,000.00",FALSE,16,,,
590,May,2070O3OG,P260300739803,KIDDIES PARK BODIJA,0,0,0,0,"20,000.00",FALSE,1,,,
591,May,2057TZNC,P260300735778,"BOVAS & COMPANY LIMITED -BOVAS AND COMPANY IFE 6",0,0,0,0,"20,000.00",FALSE,17,,,
592,May,2057UFIC,P260300735777,"BOVAS & COMPANY LIMITED -BOVAS AND COMPANY OKILPG",0,0,0,0,"20,000.00",FALSE,155,,,
593,May,2070M9OB,P260301131930,Decent Kem Nigeria limited,0,0,0,0,"20,000.00",FALSE,163,,,
594,May,2057ZDAF,P260301123326,"BOVAS & COMPANY LIMITED -BOVAS AND COMPANY LTD",0,0,0,0,"20,000.00",FALSE,_,,,
595,May,2070E9MS,P260300852654,"Vanguard Pharmacy ltd -Vanguard Pharmacy Monatan 2",0,0,0,0,"20,000.00",FALSE,14,,,
596,May,20331JCV,P260300693121,Weeldrop logistics Bodija 2,0,0,0,0,"20,000.00",FALSE,38,,,
597,May,20331JCX,P260300693123,Weeldrop logistics Ashi,0,0,0,0,"20,000.00",FALSE,169,,,
598,May,2057JTYM,P260301219084,Arise Business Venture,0,0,0,0,"20,000.00",FALSE,149,,,
599,May,2070RU7Q,P260300852477,"BOVAS & COMPANY LIMITED -BOVAS AND COMPANY PORTHARCOURT",0,0,0,0,"20,000.00",FALSE,4,,,
600,May,2070N1LS,P260300638517,Babsayin Multiventures,0,0,0,0,"20,000.00",FALSE,2,,,
601,May,20575KUS,P260300363932,Kinematics Technologies 2,0,0,0,0,"20,000.00",FALSE,44,,,
602,May,2033CNEI,P260300838716,Ola-Oluwa ventures,0,0,0,0,"20,000.00",FALSE,9,,,
603,May,2070392X,P260301123328,Nikk MP,0,0,0,0,"20,000.00",FALSE,3,,,
604,May,207072EP,P260300315977,MOG Telecoms and Transports,0,0,0,0,"20,000.00",FALSE,44,,,
605,May,2070O8US,P260300856945,CocoaBean Cafe,0,0,0,0,"20,000.00",FALSE,23,,,
606,May,2057UFHM,P260300806466,"BOVAS & COMPANY LIMITED -BOVAS AND COMPANY AJASEIPO 1",0,0,0,0,"20,000.00",FALSE,2,,,
607,May,2070CBZT,P260301611325,IDEA KONSULT MOKOLA,0,0,0,0,"20,000.00",FALSE,_,,,
608,May,2033RBZ4,P260300355772,Olatunji Telecom,0,0,0,0,"20,000.00",FALSE,68,,,
609,May,2070K7DI,P260300627169,"Vanguard Pharmacy ltd -Vanguard Pharmacy Ltd Monatan",0,0,0,0,"20,000.00",FALSE,42,,,
610,May,2070YA0K,P260301582028,FOODCO NIG BODIJA 3,0,0,0,0,"20,000.00",FALSE,1,,,
611,May,2033BBUK,P260301204049,Muka services 4,0,0,0,0,"20,000.00",FALSE,186,,,
612,May,2070YE0Y,P260300825386,FOODCO NIG AKOBO 2,0,0,0,0,"20,000.00",FALSE,34,,,
613,May,2057XGRY,P260301648370,"BOVAS & COMPANY LIMITED -BOVAS AND COMPANY ADO 1",0,0,0,0,"20,000.00",FALSE,1,,,
614,May,2057WWTD,P260301479831,"BOVAS & COMPANY LIMITED -BOVAS AND COMPANYIJOKODO",0,0,0,0,"20,000.00",FALSE,1,,,
615,May,2057XGST,P260300548053,"BOVAS & COMPANY LIMITED -BOVAS AND COMPANY AJASEIPO 2",0,0,0,0,"20,000.00",FALSE,30,,,
616,May,2057XGSZ,P260301616630,"BOVAS & COMPANY LIMITED -BOVAS AND COMPANY DUGBE",0,0,0,0,"20,000.00",FALSE,_,,,
617,May,2070Z0AR,P260300453112,FinrelNigeria Adegbayi 3,0,0,0,0,"20,000.00",FALSE,41,,,
618,May,2057XGTQ,P260300615640,"BOVAS & COMPANY LIMITED -BOVAS AND COMAPNY IWOROAD",0,0,0,0,"20,000.00",FALSE,1,,,
619,May,2033JAV9,P260300806765,Akorede Ventures,0,0,0,0,"20,000.00",FALSE,161,,,
620,May,2033CUNQ,P260300115604,Coollink telecomms nig. Ent 2,0,0,0,0,"20,000.00",FALSE,136,,,
621,May,2070SNN9,P260300548975,Chrysalis Jazz Ringroad,0,0,0,0,"20,000.00",FALSE,1,,,
622,May,2070KLL9,P260300524691,Olum Ventures,0,0,0,0,"20,000.00",FALSE,14,,,
623,May,2070YR4X,P260301205942,"Mosh Golden ProfilePharmaceutical limited - MoshPharmacy and Supermarket",0,0,0,0,"20,000.00",FALSE,16,,,
624,May,2070I9RG,P260301560110,"BOVAS & COMPANY LIMITED -BOVAS AND COMPANY AKOBO2",0,0,0,0,"20,000.00",FALSE,2,,,
625,May,2057CBGL,P260301292308,Temxy Venture,0,0,0,0,"20,000.00",FALSE,2,,,
626,May,2070JII9,P260300524693,Olatunji Telecom 2,0,0,0,0,"20,000.00",FALSE,211,,,
627,May,2033CVOB,P260300115006,Ola-Oluwa 2,0,0,0,0,"20,000.00",FALSE,2,,,
628,May,20700NGV,P260300458170,FinrelNigeria Adegbayi,0,0,0,0,"20,000.00",FALSE,49,,,
629,May,2057DXTD,P260301626713,"BOVAS & COMPANY LIMITED -BOVAS AND COMPANY ILESHA5",0,0,0,0,"20,000.00",FALSE,9,,,
630,May,20575JQQ,P260300730676,Al Qudus,0,0,0,0,"20,000.00",FALSE,14,,,
631,May,2070018S,P260300617041,omojo global services,0,0,0,0,"20,000.00",FALSE,8,,,
632,May,2070Z5ZW,P260300724052,Weeldrop logistics brewery 2,0,0,0,0,"20,000.00",FALSE,113,,,
633,May,2033TNDW,P260300416743,Amazing Grace AG Ventures,0,0,0,0,"20,000.00",FALSE,37,,,
634,May,2070KI7D,P260300825391,HIGHLAND CHURCH,0,0,0,0,"20,000.00",FALSE,1,,,
635,May,2070D214,P260300459972,FinrelNigeria 2,0,0,0,0,"20,000.00",FALSE,29,,,
636,May,2070C4OC,P260300806475,"Weeldrop logistics orita challenge2",0,0,0,0,"20,000.00",FALSE,54,,,
637,May,2057JN5Y,P260301626710,NIDDLEPOINT NIGERIA LIMITED,0,0,0,0,"20,000.00",FALSE,69,,,
638,May,2057MB9H,P260301626705,"Alpha Jumong Global services -Alpha Jumong Global services",0,0,0,0,"20,000.00",FALSE,51,,,
639,May,2070IY3T,P260301375310,Adunola Concept,0,0,0,0,"20,000.00",FALSE,1,,,
640,May,2070BPBP,P260301611326,IDEA KONSULT PALMS MALL,0,0,0,0,"20,000.00",FALSE,_,,,
641,May,2070BHEP,P260301611327,IDEA KONSULT OSUNTOKUN,0,0,0,0,"20,000.00",FALSE,_,,,
642,May,2070BEDL,P260301611328,IDEA KONSULT OAU IFE,0,0,0,0,"20,000.00",FALSE,89,,,
643,May,2070125O,P260300113166,Finrel Nigeria Limited,0,0,0,0,"20,000.00",FALSE,43,,,
644,May,2033FMZN,P260300118867,Sure hope ventures,0,0,0,0,"20,000.00",FALSE,8,,,
645,May,2070H3VM,P260300620118,DeBlend Lounge Club,0,0,0,0,"20,000.00",FALSE,108,,,
646,May,2057UBEM,P260300617711,Triple m ventures,0,0,0,0,"20,000.00",FALSE,1,,,
647,May,2033XBG7,P260300421324,Omoboriowo,0,0,0,0,"20,000.00",FALSE,53,,,
648,May,2070RV7O,P260301560119,"BOVAS & COMPANY LIMITED -BOVAS AND COMPANYOKELELE",0,0,0,0,"20,000.00",FALSE,9,,,
649,May,2070HM1V,P260301909395,"BOVAS & COMPANY LIMITED -BOVAS AUST ABJ",0,0,0,0,"20,000.00",FALSE,10,,,
650,May,2070N9TG,P260301347012,SAO Oke Ado 7,0,0,0,0,"20,000.00",FALSE,2,,,
651,May,2057ZIFW,P260301171378,REVEL LOUNGE 2,0,0,0,0,"20,000.00",FALSE,223,,,
652,May,2033EQVT,P260301173118,Mama B Ventures,0,0,0,0,"20,000.00",FALSE,26,,,
653,May,2057XGSU,P260301642799,"BOVAS & COMPANY LIMITED -BOVAS AND COMPANY ILEOLUJI",0,0,0,0,"20,000.00",FALSE,2,,,
654,May,20337ZYF,P260301352257,MVP Kitchen,0,0,0,0,"20,000.00",FALSE,4,,,
655,May,2070915U,P260301198625,Shigo payment solution,0,0,0,0,"20,000.00",FALSE,150,,,
656,May,2070YF0L,P260300328526,FOODCO NIG MONATAN 1,0,0,0,0,"20,000.00",FALSE,21,,,
657,May,2070IE8C,P260301044065,"Helen and Ezra cementEnterprises",0,0,0,0,"20,000.00",FALSE,263,,,
658,May,20334XLN,P260300128654,"BOVAS & COMPANY LIMITED -BOVAS AND COMPANYADAMASIGBA",0,0,0,0,"20,000.00",FALSE,1,,,
659,May,2057VDRF,P260300672321,Hamine SuperStore 3,0,0,0,0,"20,000.00",FALSE,76,,,
660,May,2070762G,P260300256570,Cash and Smile 4,0,0,0,0,"20,000.00",FALSE,56,,,
661,May,2033ZPNJ,P260301195377,"SUNRISE UNIVERSALINTEGRATED SUPERMARKET -SUNRISE PHARMACY",0,0,0,0,"20,000.00",FALSE,_,,,
662,May,2033DSFO,P260300127225,"BARRY WUMI-HUB - BARRYWUMI-HUB",0,0,0,0,"20,000.00",FALSE,117,,,
663,May,2033XYP6,P260301183919,Daddy T and T venture,0,0,0,0,"20,000.00",FALSE,77,,,
664,May,2033OMJK,P260301183918,Embedded Joint Venture,0,0,0,0,"20,000.00",FALSE,8,,,
665,May,2057YPZQ,P260301171376,Anikeola,0,0,0,0,"20,000.00",FALSE,157,,,
666,May,2070T3RD,P260301192935,SAO MOWE 8,0,0,0,0,"20,000.00",FALSE,5,,,
667,May,2070UUF9,P260301195530,SAO MOWE 9,0,0,0,0,"20,000.00",FALSE,1,,,
668,May,2070J0BZ,P260301909385,Ogb limited,0,0,0,0,"20,000.00",FALSE,4,,,
669,May,207084LV,P260300509390,Nulat Global Service,0,0,0,0,"20,000.00",FALSE,5,,,
670,May,2033OFDW,P260300256562,"99-CITIES ENTERPRISES -Money World Ventures 11",0,0,0,0,"20,000.00",FALSE,39,,,
671,May,2070MK4T,P260300805229,Akinz 2,0,0,0,0,"20,000.00",FALSE,37,,,
672,May,20700MNY,P260300492611,ObaGOAL Concept,0,0,0,0,"20,000.00",FALSE,1,,,
673,May,2033ZQM6,P260300049370,Destiny Ventures,0,0,0,0,"20,000.00",FALSE,57,,,
674,May,20700NGR,P260301192938,FinrelNigeria Adegbayi FinCafe,0,0,0,0,"20,000.00",FALSE,26,,,
675,May,207073IV,P260301645863,"99-CITIES ENTERPRISES -Money World Ventures 5",0,0,0,0,"20,000.00",FALSE,1,,,
676,May,2033QKB3,P260301195522,Muka Service,0,0,0,0,"20,000.00",FALSE,140,,,
677,May,2070FIHC,P260300613356,King enterprises,0,0,0,0,"20,000.00",FALSE,146,,,
678,May,2070X5EG,P260300333296,GENA 2,0,0,0,0,"20,000.00",FALSE,95,,,
679,May,2070URI8,P260300509391,Gravano Lounge,0,0,0,0,"20,000.00",FALSE,64,,,
680,May,20338BP2,P260300546419,Chrysalis Wingit,0,0,0,0,"20,000.00",FALSE,102,,,
681,May,2070I0CJ,P260300672322,HouseOfOkikiola1,0,0,0,0,"20,000.00",FALSE,57,,,
682,May,2070L5BV,P260300577479,EVENT BY COPA,0,0,0,0,"20,000.00",FALSE,3,,,
683,May,20338BP7,P260300546422,Chrysalis Great Outdoor,0,0,0,0,"20,000.00",FALSE,2,,,
684,May,2033XVD0,P260300106171,DOA Venture 2,0,0,0,0,"20,000.00",FALSE,202,,,
685,May,2070L9OZ,P260300697240,NNPC Oil Ebedi Shasha 2,0,0,0,0,"20,000.00",FALSE,67,,,
686,May,2070W4FO,P260301351884,Cascade Lounge Oluyole 2,0,0,0,0,"20,000.00",FALSE,65,,,
687,May,2070L9OR,P260300697257,NNPC station Ebedi Shasha,0,0,0,0,"20,000.00",FALSE,86,,,
688,May,2070L9IN,P260300697247,Lordsfavor Nig 2,0,0,0,0,"20,000.00",FALSE,84,,,
689,May,2070L9FW,P260300697246,Lordsfavor Nig  Iyana church,0,0,0,0,"20,000.00",FALSE,40,,,
690,May,20700WOH,P260300610261,Adenet Ventures,0,0,0,0,"20,000.00",FALSE,210,,,
691,May,2070GJNN,P260301491687,FIKAD SOLA ENTERPRISE,0,0,0,0,"20,000.00",FALSE,132,,,
692,May,2070G1PX,P260300613065,FinrelNigeria Adegbayi 2,0,0,0,0,"20,000.00",FALSE,11,,,
693,May,2070HBNI,P260300610269,Triple O stores,0,0,0,0,"20,000.00",FALSE,2,,,
694,May,2070N9UB,P260300699525,SAO challenge 5,0,0,0,0,"20,000.00",FALSE,14,,,
695,May,2070H8RY,P260300652263,Posi clothing,0,0,0,0,"20,000.00",FALSE,35,,,
696,May,2070JLGD,P260301538673,"SUNRISE UNIVERSALINTEGRATED SUPERMARKET -Sunrise Pharm Supermarket",0,0,0,0,"20,000.00",FALSE,9,,,
697,May,2033LWQ7,P260300492612,Yah Salam Business Ventures,0,0,0,0,"20,000.00",FALSE,18,,,
698,May,2033TJC9,P260300607070,"Omak healthcare services - OmakSupermarket Moniya",0,0,0,0,"20,000.00",FALSE,5,,,
699,May,2070H8ZG,P260301642798,FinrelNigeria Olomi 2,0,0,0,0,"20,000.00",FALSE,4,,,
700,May,2070I8TG,P260300654203,TestyMed Health care and stores,0,0,0,0,"20,000.00",FALSE,14,,,
701,May,2070T0LI,P260301347014,FinrelNigeria Akobo,0,0,0,0,"20,000.00",FALSE,48,,,
702,May,2070N0VM,P260300673390,SAO Idi Ape 3,0,0,0,0,"20,000.00",FALSE,18,,,
703,May,2070N0VW,P260300673391,SAO Odo Ona 3,0,0,0,0,"20,000.00",FALSE,132,,,
704,May,2070N0WF,P260300673392,SAO Challenge 3,0,0,0,0,"20,000.00",FALSE,6,,,
705,May,2070N0WM,P260300673393,SAO Jericho 3,0,0,0,0,"20,000.00",FALSE,45,,,
706,May,2214WKA2,C41P008D01509572,Iyanuoluwa IB,0,0,0,0,"20,000.00",FALSE,2,,,
707,May,2070N0WY,P260300673394,SAO Oke Ado 3,0,0,0,0,"20,000.00",FALSE,5,,,
708,May,2070T0LE,P260301045725,FinrelNigeria Alaka 2,0,0,0,0,"20,000.00",FALSE,45,,,
709,May,2070W2GV,P260301192936,SAO MOWE 7,0,0,0,0,"20,000.00",FALSE,7,,,
710,May,207068QK,P260300174929,Hakimi Ventures withdrawal,0,0,0,0,"20,000.00",FALSE,300,,,
711,May,2070N051,P260300134580,Allateef 2,0,0,0,0,"20,000.00",FALSE,1,,,
712,May,2033LYA7,P260300137507,Olabode Ojuolape,0,0,0,0,"20,000.00",FALSE,63,,,
713,May,2070VC89,17340814,Good news Store,0,0,0,0,"20,000.00",FALSE,189,,,
714,May,20338ANN,P260301180765,"SUNRISE UNIVERSALINTEGRATED SUPERMARKET -SUNRISE PHARMACY",0,0,0,0,"20,000.00",FALSE,25,,,
715,May,2070MQ5J,P260301165816,AK CONCEPT,0,0,0,0,"20,000.00",FALSE,89,,,
716,May,2070WS13,P260300065391,ADM Multi Enterprises 3,0,0,0,0,"20,000.00",FALSE,179,,,
717,May,2057ESSZ,P260301040862,Opeyemi Venture 2,0,0,0,0,"20,000.00",FALSE,21,,,
718,May,2070QK0V,P260301040861,Tony Best Fashion store,0,0,0,0,"20,000.00",FALSE,207,,,
719,May,2070YI0P,P260300141503,FOODCO NIG JERICHO 1,0,0,0,0,"20,000.00",FALSE,0,,,
720,May,2070ZK21,P260300140417,Adorable Global Service,0,0,0,0,"20,000.00",FALSE,76,,,
721,May,2033NPA6,P260301262488,Sir Crown Business Ventures,0,0,0,0,"20,000.00",FALSE,2,,,
722,May,2057JMWB,P260301345850,"Mosh Golden ProfilePharmaceutical limited - MoshSupermarket Iseyin 2",0,0,0,0,"20,000.00",FALSE,34,,,
723,May,2033OXU9,P260300499619,Olivdan Mobile banking,0,0,0,0,"20,000.00",FALSE,3,,,
724,May,2070SMK7,P260301460414,Cash flow Communications,0,0,0,0,"20,000.00",FALSE,154,,,
725,May,2070ANJR,P260300164473,"BOVAS & COMPANY LIMITED -BOVAS AND COMPANYADAMASIGBA",0,0,0,0,"20,000.00",FALSE,13,,,
726,May,2070VHK7,P260301338760,FinrelNigeria Akobo 4,0,0,0,0,"20,000.00",FALSE,18,,,
727,May,2070RAT4,P260301338765,FinrelNigeria Akobo 5,0,0,0,0,"20,000.00",FALSE,23,,,
728,May,2070428H,P260300065475,ADM Enterprises 4,0,0,0,0,"20,000.00",FALSE,151,,,
729,May,2057UTAG,P260300052285,GENA APATA,0,0,0,0,"20,000.00",FALSE,224,,,
730,May,2070276K,P260300067063,A.Z Alkmaar Ventures,0,0,0,0,"20,000.00",FALSE,202,,,
731,May,2057ZPRQ,P260301336357,Anikeola 2,0,0,0,0,"20,000.00",FALSE,129,,,
732,May,2033KRL4,P260300174930,God's Time Venture,0,0,0,0,"20,000.00",FALSE,51,,,
733,May,2057UJLP,P260301804282,"BOVAS & COMPANY LIMITED -BOVAS AND COMPANY LOKOJA",0,0,0,0,"20,000.00",FALSE,3,,,
734,May,2057ULOI,P260301748843,"BOVAS & COMPANY LIMITED -BOVAS AND COMPANY YIDI",0,0,0,0,"20,000.00",FALSE,10,,,
735,May,2033JBJ7,22115629,Oluwatominiyi Telecom,0,0,0,0,"20,000.00",FALSE,150,,,
736,May,2070X5TK,P260300377174,GENA ODO ONA,0,0,0,0,"20,000.00",FALSE,216,,,
737,May,2070FBYG,P260301467751,"Mosh Golden ProfilePharmaceutical limited -  Moshpharm n supermarket",0,0,0,0,"20,000.00",FALSE,140,,,
738,May,2070PJP4,P260301471667,Anchor Restaurant and Bar 1,0,0,0,0,"20,000.00",FALSE,8,,,
739,May,2033D2SU,P260301471669,Anchor Restaurant and Bar 1,0,0,0,0,"20,000.00",FALSE,7,,,
740,May,2070WO8E,P260300179930,Sayonti,0,0,0,0,"20,000.00",FALSE,37,,,
741,May,2070276Q,P260300166138,Ajibato,0,0,0,0,"20,000.00",FALSE,4,,,
742,May,2033KTC5,P260300142597,Ajibola Telecom,0,0,0,0,"20,000.00",FALSE,3,,,
743,May,2070Z0AE,P260300564181,FinrelNigeria Adegbayi eatery,0,0,0,0,"20,000.00",FALSE,38,,,
744,May,2033ERRJ,P260300142520,"AY DANMARYAMA TELECOMS& ACCESSORIES - AYDANMARYAMA TELECOMS &",0,0,0,0,"20,000.00",FALSE,5,,,
745,May,20709O4X,P260300502744,Olamilekan Ventures,0,0,0,0,"20,000.00",FALSE,16,,,
746,May,2057EOGA,P260300536892,Imrad Venture,0,0,0,0,"20,000.00",FALSE,1,,,
747,May,2070W3DN,P260301164214,"VISTA FORTE PHARMACY LTD2",0,0,0,0,"20,000.00",FALSE,164,,,
748,May,2033HFD4,17293077,First topclass enterprises 2,0,0,0,0,"20,000.00",FALSE,48,,,
749,May,20700NGP,P260300137505,FinrelNigeria Alakia,0,0,0,0,"20,000.00",FALSE,24,,,
750,May,20700NGM,P260300431729,FinrelNigeria Eatery Olomi,0,0,0,0,"20,000.00",FALSE,6,,,
751,May,2033FPNZ,P260300160008,Dominion communication,0,0,0,0,"20,000.00",FALSE,39,,,
752,May,2033FJKF,P260300160015,Abidec venture,0,0,0,0,"20,000.00",FALSE,180,,,
753,May,2033J7GR,C42P008D01806236,WASIU AMINAT ABIDEMI,0,0,0,0,"20,000.00",FALSE,5,,,
754,May,20709EUM,P260300600974,Meenah Cooperate Ventures 2,0,0,0,0,"20,000.00",FALSE,1,,,
755,May,2070HN7Z,P260301181416,Muka Services 8,0,0,0,0,"20,000.00",FALSE,279,,,
756,May,2214M8M5,P260301804281,OJO MARIAM ABIGAEL,0,0,0,0,"20,000.00",FALSE,6,,,
757,May,22142AKL,C42P008D01915650,OJO-PHILIPS OLAMIDE IDOWU,0,0,0,0,"20,000.00",FALSE,_,,,
758,May,207060FF,P260300019385,S. O Ventures 2,0,0,0,0,"20,000.00",FALSE,229,,,
,,,,,,,,,,,,,,
,,,,,,,,,,,,,,
,,,,,,,,,,,,,,
,,,,,,,,,,,,,,
,,,,,,,,,,,,,,
,,,,,,,,,,,,,,
,,,,,,,,,,,,,,
,,,,,,,,,,,,,,
,,,,,,,,,,,,,,
,,,,,,,,,,,,,,
,,,,,,,,,,,,,,
,,,,,,,,,,,,,,
,,,,,,,,,,,,,,
,,,,,,,,,,,,,,
,,,,,,,,,,,,,,
,,,,,,,,,,,,,,
,,,,,,,,,,,,,,
,,,,,,,,,,,,,,
,,,,,,,,,,,,,,
,,,,,,,,,,,,,,
,,,,,,,,,,,,,,
,,,,,,,,,,,,,,
,,,,,,,,,,,,,,
,,,,,,,,,,,,,,
,,,,,,,,,,,,,,
,,,,,,,,,,,,,,
,,,,,,,,,,,,,,
,,,,,,,,,,,,,,
,,,,,,,,,,,,,,
,,,,,,,,,,,,,,
,,,,,,,,,,,,,,
,,,,,,,,,,,,,,
,,,,,,,,,,,,,,
,,,,,,,,,,,,,,
,,,,,,,,,,,,,,
,,,,,,,,,,,,,,
,,,,,,,,,,,,,,
,,,,,,,,,,,,,,
,,,,,,,,,,,,,,
,,,,,,,,,,,,,,
,,,,,,,,,,,,,,
,,,,,,,,,,,,,,
,,,,,,,,,,,,,,
,,,,,,,,,,,,,,
,,,,,,,,,,,,,,
,,,,,,,,,,,,,,
,,,,,,,,,,,,,,
,,,,,,,,,,,,,,
,,,,,,,,,,,,,,
,,,,,,,,,,,,,,
,,,,,,,,,,,,,,
,,,,,,,,,,,,,,
,,,,,,,,,,,,,,
,,,,,,,,,,,,,,
,,,,,,,,,,,,,,
,,,,,,,,,,,,,,
,,,,,,,,,,,,,,
,,,,,,,,,,,,,,
,,,,,,,,,,,,,,
,,,,,,,,,,,,,,
,,,,,,,,,,,,,,
,,,,,,,,,,,,,,
,,,,,,,,,,,,,,
,,,,,,,,,,,,,,
,,,,,,,,,,,,,,
,,,,,,,,,,,,,,
,,,,,,,,,,,,,,
,,,,,,,,,,,,,,
,,,,,,,,,,,,,,
,,,,,,,,,,,,,,
,,,,,,,,,,,,,,
,,,,,,,,,,,,,,
,,,,,,,,,,,,,,
,,,,,,,,,,,,,,
,,,,,,,,,,,,,,
,,,,,,,,,,,,,,
,,,,,,,,,,,,,,
,,,,,,,,,,,,,,
,,,,,,,,,,,,,,
,,,,,,,,,,,,,,
,,,,,,,,,,,,,,
,,,,,,,,,,,,,,
,,,,,,,,,,,,,,
,,,,,,,,,,,,,,
,,,,,,,,,,,,,,
,,,,,,,,,,,,,,
,,,,,,,,,,,,,,
,,,,,,,,,,,,,,
,,,,,,,,,,,,,,
,,,,,,,,,,,,,,
,,,,,,,,,,,,,,
,,,,,,,,,,,,,,
,,,,,,,,,,,,,,
,,,,,,,,,,,,,,
,,,,,,,,,,,,,,
,,,,,,,,,,,,,,
,,,,,,,,,,,,,,
,,,,,,,,,,,,,,
,,,,,,,,,,,,,,
,,,,,,,,,,,,,,
,,,,,,,,,,,,,,
,,,,,,,,,,,,,,
,,,,,,,,,,,,,,
,,,,,,,,,,,,,,
,,,,,,,,,,,,,,
,,,,,,,,,,,,,,
,,,,,,,,,,,,,,
,,,,,,,,,,,,,,
,,,,,,,,,,,,,,
,,,,,,,,,,,,,,
,,,,,,,,,,,,,,
,,,,,,,,,,,,,,
,,,,,,,,,,,,,,
,,,,,,,,,,,,,,
,,,,,,,,,,,,,,
,,,,,,,,,,,,,,
,,,,,,,,,,,,,,
,,,,,,,,,,,,,,
,,,,,,,,,,,,,,
,,,,,,,,,,,,,,
,,,,,,,,,,,,,,
,,,,,,,,,,,,,,
,,,,,,,,,,,,,,
,,,,,,,,,,,,,,
,,,,,,,,,,,,,,
,,,,,,,,,,,,,,
,,,,,,,,,,,,,,
,,,,,,,,,,,,,,
,,,,,,,,,,,,,,
,,,,,,,,,,,,,,
,,,,,,,,,,,,,,
,,,,,,,,,,,,,,
,,,,,,,,,,,,,,
,,,,,,,,,,,,,,
,,,,,,,,,,,,,,
,,,,,,,,,,,,,,
,,,,,,,,,,,,,,
,,,,,,,,,,,,,,
,,,,,,,,,,,,,,
,,,,,,,,,,,,,,
,,,,,,,,,,,,,,
,,,,,,,,,,,,,,
,,,,,,,,,,,,,,
,,,,,,,,,,,,,,
,,,,,,,,,,,,,,
,,,,,,,,,,,,,,
,,,,,,,,,,,,,,
,,,,,,,,,,,,,,
,,,,,,,,,,,,,,
,,,,,,,,,,,,,,
,,,,,,,,,,,,,,
,,,,,,,,,,,,,,
,,,,,,,,,,,,,,
,,,,,,,,,,,,,,
,,,,,,,,,,,,,,
,,,,,,,,,,,,,,
,,,,,,,,,,,,,,
,,,,,,,,,,,,,,
,,,,,,,,,,,,,,
,,,,,,,,,,,,,,
,,,,,,,,,,,,,,
,,,,,,,,,,,,,,
,,,,,,,,,,,,,,
,,,,,,,,,,,,,,
,,,,,,,,,,,,,,
,,,,,,,,,,,,,,
,,,,,,,,,,,,,,
,,,,,,,,,,,,,,
,,,,,,,,,,,,,,
,,,,,,,,,,,,,,
,,,,,,,,,,,,,,
,,,,,,,,,,,,,,
,,,,,,,,,,,,,,
,,,,,,,,,,,,,,
,,,,,,,,,,,,,,
,,,,,,,,,,,,,,
,,,,,,,,,,,,,,
,,,,,,,,,,,,,,
,,,,,,,,,,,,,,
,,,,,,,,,,,,,,
,,,,,,,,,,,,,,
,,,,,,,,,,,,,,
,,,,,,,,,,,,,,
,,,,,,,,,,,,,,
,,,,,,,,,,,,,,
,,,,,,,,,,,,,,
,,,,,,,,,,,,,,
,,,,,,,,,,,,,,
,,,,,,,,,,,,,,
,,,,,,,,,,,,,,
,,,,,,,,,,,,,,
,,,,,,,,,,,,,,
,,,,,,,,,,,,,,
,,,,,,,,,,,,,,
,,,,,,,,,,,,,,
,,,,,,,,,,,,,,
,,,,,,,,,,,,,,
,,,,,,,,,,,,,,
,,,,,,,,,,,,,,
,,,,,,,,,,,,,,
,,,,,,,,,,,,,,
,,,,,,,,,,,,,,
,,,,,,,,,,,,,,
,,,,,,,,,,,,,,
,,,,,,,,,,,,,,
,,,,,,,,,,,,,,
,,,,,,,,,,,,,,
,,,,,,,,,,,,,,
,,,,,,,,,,,,,,
,,,,,,,,,,,,,,
,,,,,,,,,,,,,,
,,,,,,,,,,,,,,
,,,,,,,,,,,,,,
,,,,,,,,,,,,,,
,,,,,,,,,,,,,,
,,,,,,,,,,,,,,
,,,,,,,,,,,,,,
,,,,,,,,,,,,,,
,,,,,,,,,,,,,,
,,,,,,,,,,,,,,
,,,,,,,,,,,,,,
,,,,,,,,,,,,,,
,,,,,,,,,,,,,,
,,,,,,,,,,,,,,
,,,,,,,,,,,,,,
,,,,,,,,,,,,,,
,,,,,,,,,,,,,,
,,,,,,,,,,,,,,
,,,,,,,,,,,,,,
,,,,,,,,,,,,,,
,,,,,,,,,,,,,,
,,,,,,,,,,,,,,
,,,,,,,,,,,,,,
,,,,,,,,,,,,,,
,,,,,,,,,,,,,,
,,,,,,,,,,,,,,
,,,,,,,,,,,,,,
,,,,,,,,,,,,,,
,,,,,,,,,,,,,,
,,,,,,,,,,,,,,
,,,,,,,,,,,,,,
,,,,,,,,,,,,,,
,,,,,,,,,,,,,,
,,,,,,,,,,,,,,
,,,,,,,,,,,,,,
,,,,,,,,,,,,,,
,,,,,,,,,,,,,,
,,,,,,,,,,,,,,
,,,,,,,,,,,,,,
,,,,,,,,,,,,,,
,,,,,,,,,,,,,,
,,,,,,,,,,,,,,
,,,,,,,,,,,,,,
,,,,,,,,,,,,,,
,,,,,,,,,,,,,,
,,,,,,,,,,,,,,
,,,,,,,,,,,,,,
,,,,,,,,,,,,,,
,,,,,,,,,,,,,,
,,,,,,,,,,,,,,
,,,,,,,,,,,,,,
,,,,,,,,,,,,,,
,,,,,,,,,,,,,,
,,,,,,,,,,,,,,
,,,,,,,,,,,,,,
,,,,,,,,,,,,,,
,,,,,,,,,,,,,,
,,,,,,,,,,,,,,
,,,,,,,,,,,,,,
,,,,,,,,,,,,,,
,,,,,,,,,,,,,,
,,,,,,,,,,,,,,
,,,,,,,,,,,,,,
,,,,,,,,,,,,,,
,,,,,,,,,,,,,,
,,,,,,,,,,,,,,
,,,,,,,,,,,,,,
,,,,,,,,,,,,,,
,,,,,,,,,,,,,,
,,,,,,,,,,,,,,
,,,,,,,,,,,,,,
,,,,,,,,,,,,,,
,,,,,,,,,,,,,,
,,,,,,,,,,,,,,
,,,,,,,,,,,,,,
,,,,,,,,,,,,,,
,,,,,,,,,,,,,,
,,,,,,,,,,,,,,
,,,,,,,,,,,,,,
,,,,,,,,,,,,,,
,,,,,,,,,,,,,,
,,,,,,,,,,,,,,
,,,,,,,,,,,,,,
,,,,,,,,,,,,,,
,,,,,,,,,,,,,,
,,,,,,,,,,,,,,
,,,,,,,,,,,,,,
,,,,,,,,,,,,,,
,,,,,,,,,,,,,,
,,,,,,,,,,,,,,
,,,,,,,,,,,,,,
,,,,,,,,,,,,,,
,,,,,,,,,,,,,,
,,,,,,,,,,,,,,
,,,,,,,,,,,,,,
,,,,,,,,,,,,,,
,,,,,,,,,,,,,,
,,,,,,,,,,,,,,
,,,,,,,,,,,,,,
,,,,,,,,,,,,,,
,,,,,,,,,,,,,,
,,,,,,,,,,,,,,
,,,,,,,,,,,,,,
,,,,,,,,,,,,,,
,,,,,,,,,,,,,,
,,,,,,,,,,,,,,
,,,,,,,,,,,,,,
,,,,,,,,,,,,,,
,,,,,,,,,,,,,,
,,,,,,,,,,,,,,
,,,,,,,,,,,,,,
,,,,,,,,,,,,,,
,,,,,,,,,,,,,,
,,,,,,,,,,,,,,
,,,,,,,,,,,,,,
,,,,,,,,,,,,,,
,,,,,,,,,,,,,,
,,,,,,,,,,,,,,
,,,,,,,,,,,,,,
,,,,,,,,,,,,,,
,,,,,,,,,,,,,,
,,,,,,,,,,,,,,
,,,,,,,,,,,,,,
,,,,,,,,,,,,,,
,,,,,,,,,,,,,,
,,,,,,,,,,,,,,
,,,,,,,,,,,,,,
,,,,,,,,,,,,,,
,,,,,,,,,,,,,,
,,,,,,,,,,,,,,
,,,,,,,,,,,,,,
,,,,,,,,,,,,,,
,,,,,,,,,,,,,,
,,,,,,,,,,,,,,
,,,,,,,,,,,,,,
,,,,,,,,,,,,,,
,,,,,,,,,,,,,,
,,,,,,,,,,,,,,
,,,,,,,,,,,,,,
,,,,,,,,,,,,,,
,,,,,,,,,,,,,,
,,,,,,,,,,,,,,
,,,,,,,,,,,,,,
,,,,,,,,,,,,,,
,,,,,,,,,,,,,,
,,,,,,,,,,,,,,
,,,,,,,,,,,,,,
,,,,,,,,,,,,,,
,,,,,,,,,,,,,,
,,,,,,,,,,,,,,
,,,,,,,,,,,,,,
,,,,,,,,,,,,,,
,,,,,,,,,,,,,,
,,,,,,,,,,,,,,
,,,,,,,,,,,,,,
,,,,,,,,,,,,,,
,,,,,,,,,,,,,,
,,,,,,,,,,,,,,
,,,,,,,,,,,,,,
,,,,,,,,,,,,,,
,,,,,,,,,,,,,,
,,,,,,,,,,,,,,
,,,,,,,,,,,,,,
,,,,,,,,,,,,,,
,,,,,,,,,,,,,,
,,,,,,,,,,,,,,
,,,,,,,,,,,,,,
,,,,,,,,,,,,,,
,,,,,,,,,,,,,,
,,,,,,,,,,,,,,
,,,,,,,,,,,,,,
,,,,,,,,,,,,,,
,,,,,,,,,,,,,,
,,,,,,,,,,,,,,
,,,,,,,,,,,,,,
,,,,,,,,,,,,,,
,,,,,,,,,,,,,,
,,,,,,,,,,,,,,
,,,,,,,,,,,,,,
,,,,,,,,,,,,,,
,,,,,,,,,,,,,,
,,,,,,,,,,,,,,
,,,,,,,,,,,,,,
,,,,,,,,,,,,,,
,,,,,,,,,,,,,,
,,,,,,,,,,,,,,
,,,,,,,,,,,,,,
,,,,,,,,,,,,,,
,,,,,,,,,,,,,,
,,,,,,,,,,,,,,
,,,,,,,,,,,,,,
,,,,,,,,,,,,,,
,,,,,,,,,,,,,,
,,,,,,,,,,,,,,
,,,,,,,,,,,,,,
,,,,,,,,,,,,,,
,,,,,,,,,,,,,,
,,,,,,,,,,,,,,
,,,,,,,,,,,,,,
,,,,,,,,,,,,,,
,,,,,,,,,,,,,,
,,,,,,,,,,,,,,
,,,,,,,,,,,,,,
,,,,,,,,,,,,,,
,,,,,,,,,,,,,,
,,,,,,,,,,,,,,
,,,,,,,,,,,,,,
,,,,,,,,,,,,,,
,,,,,,,,,,,,,,
,,,,,,,,,,,,,,
,,,,,,,,,,,,,,
,,,,,,,,,,,,,,
,,,,,,,,,,,,,,
,,,,,,,,,,,,,,
,,,,,,,,,,,,,,
,,,,,,,,,,,,,,
,,,,,,,,,,,,,,
,,,,,,,,,,,,,,
,,,,,,,,,,,,,,
,,,,,,,,,,,,,,
,,,,,,,,,,,,,,
,,,,,,,,,,,,,,
,,,,,,,,,,,,,,
,,,,,,,,,,,,,,
,,,,,,,,,,,,,,
,,,,,,,,,,,,,,
,,,,,,,,,,,,,,
,,,,,,,,,,,,,,
,,,,,,,,,,,,,,
,,,,,,,,,,,,,,
,,,,,,,,,,,,,,
,,,,,,,,,,,,,,
,,,,,,,,,,,,,,
,,,,,,,,,,,,,,
,,,,,,,,,,,,,,
,,,,,,,,,,,,,,
,,,,,,,,,,,,,,
,,,,,,,,,,,,,,
,,,,,,,,,,,,,,
,,,,,,,,,,,,,,
,,,,,,,,,,,,,,
,,,,,,,,,,,,,,
,,,,,,,,,,,,,,
,,,,,,,,,,,,,,
,,,,,,,,,,,,,,
,,,,,,,,,,,,,,
,,,,,,,,,,,,,,
,,,,,,,,,,,,,,
,,,,,,,,,,,,,,
,,,,,,,,,,,,,,
,,,,,,,,,,,,,,
,,,,,,,,,,,,,,
,,,,,,,,,,,,,,
,,,,,,,,,,,,,,
,,,,,,,,,,,,,,
,,,,,,,,,,,,,,
,,,,,,,,,,,,,,
,,,,,,,,,,,,,,
,,,,,,,,,,,,,,
,,,,,,,,,,,,,,
,,,,,,,,,,,,,,
,,,,,,,,,,,,,,
,,,,,,,,,,,,,,
,,,,,,,,,,,,,,
,,,,,,,,,,,,,,
,,,,,,,,,,,,,,
,,,,,,,,,,,,,,
,,,,,,,,,,,,,,
,,,,,,,,,,,,,,
,,,,,,,,,,,,,,
,,,,,,,,,,,,,,
,,,,,,,,,,,,,,
,,,,,,,,,,,,,,
,,,,,,,,,,,,,,
,,,,,,,,,,,,,,
,,,,,,,,,,,,,,
,,,,,,,,,,,,,,
,,,,,,,,,,,,,,
,,,,,,,,,,,,,,
,,,,,,,,,,,,,,
,,,,,,,,,,,,,,
,,,,,,,,,,,,,,
,,,,,,,,,,,,,,
,,,,,,,,,,,,,,
,,,,,,,,,,,,,,
,,,,,,,,,,,,,,
,,,,,,,,,,,,,,
,,,,,,,,,,,,,,
,,,,,,,,,,,,,,
,,,,,,,,,,,,,,
,,,,,,,,,,,,,,
,,,,,,,,,,,,,,
,,,,,,,,,,,,,,
,,,,,,,,,,,,,,
,,,,,,,,,,,,,,
,,,,,,,,,,,,,,
,,,,,,,,,,,,,,
,,,,,,,,,,,,,,
,,,,,,,,,,,,,,
,,,,,,,,,,,,,,
,,,,,,,,,,,,,,
,,,,,,,,,,,,,,
,,,,,,,,,,,,,,
,,,,,,,,,,,,,,
,,,,,,,,,,,,,,
,,,,,,,,,,,,,,
,,,,,,,,,,,,,,
,,,,,,,,,,,,,,
,,,,,,,,,,,,,,
,,,,,,,,,,,,,,
,,,,,,,,,,,,,,
,,,,,,,,,,,,,,
,,,,,,,,,,,,,,
,,,,,,,,,,,,,,
,,,,,,,,,,,,,,
,,,,,,,,,,,,,,
,,,,,,,,,,,,,,
,,,,,,,,,,,,,,
,,,,,,,,,,,,,,
,,,,,,,,,,,,,,
,,,,,,,,,,,,,,
,,,,,,,,,,,,,,
,,,,,,,,,,,,,,
,,,,,,,,,,,,,,
,,,,,,,,,,,,,,
,,,,,,,,,,,,,,
,,,,,,,,,,,,,,
,,,,,,,,,,,,,,
,,,,,,,,,,,,,,
,,,,,,,,,,,,,,
,,,,,,,,,,,,,,
,,,,,,,,,,,,,,
,,,,,,,,,,,,,,
,,,,,,,,,,,,,,
,,,,,,,,,,,,,,
,,,,,,,,,,,,,,
,,,,,,,,,,,,,,
,,,,,,,,,,,,,,
,,,,,,,,,,,,,,
,,,,,,,,,,,,,,
,,,,,,,,,,,,,,
,,,,,,,,,,,,,,
,,,,,,,,,,,,,,
,,,,,,,,,,,,,,
,,,,,,,,,,,,,,
,,,,,,,,,,,,,,
,,,,,,,,,,,,,,
,,,,,,,,,,,,,,
,,,,,,,,,,,,,,
,,,,,,,,,,,,,,
,,,,,,,,,,,,,,
,,,,,,,,,,,,,,
,,,,,,,,,,,,,,
,,,,,,,,,,,,,,
,,,,,,,,,,,,,,
,,,,,,,,,,,,,,
,,,,,,,,,,,,,,
,,,,,,,,,,,,,,
,,,,,,,,,,,,,,
,,,,,,,,,,,,,,
,,,,,,,,,,,,,,
,,,,,,,,,,,,,,
,,,,,,,,,,,,,,
,,,,,,,,,,,,,,
,,,,,,,,,,,,,,
,,,,,,,,,,,,,,
,,,,,,,,,,,,,,
,,,,,,,,,,,,,,
,,,,,,,,,,,,,,
,,,,,,,,,,,,,,
,,,,,,,,,,,,,,
,,,,,,,,,,,,,,
,,,,,,,,,,,,,,
,,,,,,,,,,,,,,
,,,,,,,,,,,,,,
,,,,,,,,,,,,,,
,,,,,,,,,,,,,,
,,,,,,,,,,,,,,
,,,,,,,,,,,,,,
,,,,,,,,,,,,,,
,,,,,,,,,,,,,,
,,,,,,,,,,,,,,
,,,,,,,,,,,,,,
,,,,,,,,,,,,,,
,,,,,,,,,,,,,,
,,,,,,,,,,,,,,
,,,,,,,,,,,,,,
,,,,,,,,,,,,,,
,,,,,,,,,,,,,,
,,,,,,,,,,,,,,
,,,,,,,,,,,,,,
,,,,,,,,,,,,,,
,,,,,,,,,,,,,,
,,,,,,,,,,,,,,
,,,,,,,,,,,,,,
,,,,,,,,,,,,,,
,,,,,,,,,,,,,,
,,,,,,,,,,,,,,
,,,,,,,,,,,,,,
,,,,,,,,,,,,,,
,,,,,,,,,,,,,,
,,,,,,,,,,,,,,
,,,,,,,,,,,,,,
,,,,,,,,,,,,,,
,,,,,,,,,,,,,,
,,,,,,,,,,,,,,
,,,,,,,,,,,,,,
,,,,,,,,,,,,,,
,,,,,,,,,,,,,,
,,,,,,,,,,,,,,
,,,,,,,,,,,,,,
,,,,,,,,,,,,,,
,,,,,,,,,,,,,,
,,,,,,,,,,,,,,
,,,,,,,,,,,,,,
,,,,,,,,,,,,,,
,,,,,,,,,,,,,,
,,,,,,,,,,,,,,
,,,,,,,,,,,,,,
,,,,,,,,,,,,,,
,,,,,,,,,,,,,,
,,,,,,,,,,,,,,
,,,,,,,,,,,,,,
,,,,,,,,,,,,,,
,,,,,,,,,,,,,,
,,,,,,,,,,,,,,
,,,,,,,,,,,,,,
,,,,,,,,,,,,,,
,,,,,,,,,,,,,,
,,,,,,,,,,,,,,
,,,,,,,,,,,,,,
,,,,,,,,,,,,,,
,,,,,,,,,,,,,,
,,,,,,,,,,,,,,
,,,,,,,,,,,,,,
,,,,,,,,,,,,,,
,,,,,,,,,,,,,,
,,,,,,,,,,,,,,
,,,,,,,,,,,,,,
,,,,,,,,,,,,,,
,,,,,,,,,,,,,,
,,,,,,,,,,,,,,
,,,,,,,,,,,,,,
,,,,,,,,,,,,,,
,,,,,,,,,,,,,,
,,,,,,,,,,,,,,
,,,,,,,,,,,,,,
,,,,,,,,,,,,,,
,,,,,,,,,,,,,,
,,,,,,,,,,,,,,
,,,,,,,,,,,,,,
,,,,,,,,,,,,,,
,,,,,,,,,,,,,,
,,,,,,,,,,,,,,
,,,,,,,,,,,,,,
,,,,,,,,,,,,,,
,,,,,,,,,,,,,,
,,,,,,,,,,,,,,
,,,,,,,,,,,,,,
,,,,,,,,,,,,,,
,,,,,,,,,,,,,,
,,,,,,,,,,,,,,
,,,,,,,,,,,,,,
,,,,,,,,,,,,,,
,,,,,,,,,,,,,,
,,,,,,,,,,,,,,
,,,,,,,,,,,,,,
,,,,,,,,,,,,,,
,,,,,,,,,,,,,,
,,,,,,,,,,,,,,
,,,,,,,,,,,,,,
,,,,,,,,,,,,,,
,,,,,,,,,,,,,,
,,,,,,,,,,,,,,
,,,,,,,,,,,,,,
,,,,,,,,,,,,,,
,,,,,,,,,,,,,,
,,,,,,,,,,,,,,
,,,,,,,,,,,,,,
,,,,,,,,,,,,,,
,,,,,,,,,,,,,,
,,,,,,,,,,,,,,
,,,,,,,,,,,,,,
,,,,,,,,,,,,,,
,,,,,,,,,,,,,,
,,,,,,,,,,,,,,
,,,,,,,,,,,,,,
,,,,,,,,,,,,,,
,,,,,,,,,,,,,,
,,,,,,,,,,,,,,
,,,,,,,,,,,,,,
,,,,,,,,,,,,,,
,,,,,,,,,,,,,,
,,,,,,,,,,,,,,
,,,,,,,,,,,,,,
,,,,,,,,,,,,,,
,,,,,,,,,,,,,,
,,,,,,,,,,,,,,
,,,,,,,,,,,,,,
,,,,,,,,,,,,,,
,,,,,,,,,,,,,,
,,,,,,,,,,,,,,
,,,,,,,,,,,,,,
,,,,,,,,,,,,,,
,,,,,,,,,,,,,,
,,,,,,,,,,,,,,
,,,,,,,,,,,,,,
,,,,,,,,,,,,,,
,,,,,,,,,,,,,,
,,,,,,,,,,,,,,
,,,,,,,,,,,,,,
,,,,,,,,,,,,,,
,,,,,,,,,,,,,,
,,,,,,,,,,,,,,
,,,,,,,,,,,,,,
,,,,,,,,,,,,,,
,,,,,,,,,,,,,,
,,,,,,,,,,,,,,
,,,,,,,,,,,,,,
,,,,,,,,,,,,,,
,,,,,,,,,,,,,,
,,,,,,,,,,,,,,
,,,,,,,,,,,,,,
,,,,,,,,,,,,,,
,,,,,,,,,,,,,,
,,,,,,,,,,,,,,
,,,,,,,,,,,,,,
,,,,,,,,,,,,,,
,,,,,,,,,,,,,,
,,,,,,,,,,,,,,
,,,,,,,,,,,,,,
,,,,,,,,,,,,,,
,,,,,,,,,,,,,,
,,,,,,,,,,,,,,
,,,,,,,,,,,,,,
,,,,,,,,,,,,,,
,,,,,,,,,,,,,,
,,,,,,,,,,,,,,
,,,,,,,,,,,,,,
,,,,,,,,,,,,,,
,,,,,,,,,,,,,,
,,,,,,,,,,,,,,
,,,,,,,,,,,,,,
,,,,,,,,,,,,,,
,,,,,,,,,,,,,,
,,,,,,,,,,,,,,
,,,,,,,,,,,,,,
,,,,,,,,,,,,,,
,,,,,,,,,,,,,,
,,,,,,,,,,,,,,
,,,,,,,,,,,,,,
,,,,,,,,,,,,,,
,,,,,,,,,,,,,,
,,,,,,,,,,,,,,
,,,,,,,,,,,,,,
,,,,,,,,,,,,,,
,,,,,,,,,,,,,,
,,,,,,,,,,,,,,
,,,,,,,,,,,,,,
,,,,,,,,,,,,,,
,,,,,,,,,,,,,,
,,,,,,,,,,,,,,
,,,,,,,,,,,,,,
,,,,,,,,,,,,,,
,,,,,,,,,,,,,,
,,,,,,,,,,,,,,
,,,,,,,,,,,,,,
,,,,,,,,,,,,,,
,,,,,,,,,,,,,,
,,,,,,,,,,,,,,
,,,,,,,,,,,,,,
,,,,,,,,,,,,,,
,,,,,,,,,,,,,,
,,,,,,,,,,,,,,
,,,,,,,,,,,,,,
,,,,,,,,,,,,,,
,,,,,,,,,,,,,,
,,,,,,,,,,,,,,
,,,,,,,,,,,,,,
,,,,,,,,,,,,,,
,,,,,,,,,,,,,,
,,,,,,,,,,,,,,
,,,,,,,,,,,,,,
,,,,,,,,,,,,,,
,,,,,,,,,,,,,,
,,,,,,,,,,,,,,
,,,,,,,,,,,,,,
,,,,,,,,,,,,,,
,,,,,,,,,,,,,,
,,,,,,,,,,,,,,
,,,,,,,,,,,,,,
,,,,,,,,,,,,,,
,,,,,,,,,,,,,,
,,,,,,,,,,,,,,
,,,,,,,,,,,,,,
,,,,,,,,,,,,,,
,,,,,,,,,,,,,,
,,,,,,,,,,,,,,
,,,,,,,,,,,,,,
,,,,,,,,,,,,,,
,,,,,,,,,,,,,,
,,,,,,,,,,,,,,
,,,,,,,,,,,,,,
,,,,,,,,,,,,,,
,,,,,,,,,,,,,,
,,,,,,,,,,,,,,
,,,,,,,,,,,,,,
,,,,,,,,,,,,,,
,,,,,,,,,,,,,,
,,,,,,,,,,,,,,
,,,,,,,,,,,,,,
,,,,,,,,,,,,,,
,,,,,,,,,,,,,,
,,,,,,,,,,,,,,
,,,,,,,,,,,,,,
,,,,,,,,,,,,,,
,,,,,,,,,,,,,,
,,,,,,,,,,,,,,
,,,,,,,,,,,,,,
,,,,,,,,,,,,,,
,,,,,,,,,,,,,,
,,,,,,,,,,,,,,
,,,,,,,,,,,,,,
,,,,,,,,,,,,,,
,,,,,,,,,,,,,,
,,,,,,,,,,,,,,
,,,,,,,,,,,,,,
,,,,,,,,,,,,,,
,,,,,,,,,,,,,,
,,,,,,,,,,,,,,
,,,,,,,,,,,,,,
,,,,,,,,,,,,,,
,,,,,,,,,,,,,,
,,,,,,,,,,,,,,
,,,,,,,,,,,,,,
,,,,,,,,,,,,,,
,,,,,,,,,,,,,,
,,,,,,,,,,,,,,
,,,,,,,,,,,,,,
,,,,,,,,,,,,,,
,,,,,,,,,,,,,,
,,,,,,,,,,,,,,
,,,,,,,,,,,,,,
,,,,,,,,,,,,,,
,,,,,,,,,,,,,,
,,,,,,,,,,,,,,
,,,,,,,,,,,,,,
,,,,,,,,,,,,,,
,,,,,,,,,,,,,,
,,,,,,,,,,,,,,
,,,,,,,,,,,,,,
,,,,,,,,,,,,,,
,,,,,,,,,,,,,,
,,,,,,,,,,,,,,
,,,,,,,,,,,,,,
,,,,,,,,,,,,,,
,,,,,,,,,,,,,,
,,,,,,,,,,,,,,
,,,,,,,,,,,,,,
,,,,,,,,,,,,,,
,,,,,,,,,,,,,,
,,,,,,,,,,,,,,
,,,,,,,,,,,,,,
,,,,,,,,,,,,,,
,,,,,,,,,,,,,,
,,,,,,,,,,,,,,
,,,,,,,,,,,,,,
,,,,,,,,,,,,,,
,,,,,,,,,,,,,,
,,,,,,,,,,,,,,
,,,,,,,,,,,,,,
,,,,,,,,,,,,,,
,,,,,,,,,,,,,,
,,,,,,,,,,,,,,
,,,,,,,,,,,,,,
,,,,,,,,,,,,,,
,,,,,,,,,,,,,,
,,,,,,,,,,,,,,
,,,,,,,,,,,,,,
,,,,,,,,,,,,,,
,,,,,,,,,,,,,,
,,,,,,,,,,,,,,
,,,,,,,,,,,,,,
,,,,,,,,,,,,,,
,,,,,,,,,,,,,,
,,,,,,,,,,,,,,
,,,,,,,,,,,,,,
,,,,,,,,,,,,,,
,,,,,,,,,,,,,,
,,,,,,,,,,,,,,
,,,,,,,,,,,,,,
